/*
 Navicat Premium Data Transfer

 Source Server         : local
 Source Server Type    : MySQL
 Source Server Version : 80028
 Source Host           : localhost:3306
 Source Schema         : HelpEasePro-PC

 Target Server Type    : MySQL
 Target Server Version : 80028
 File Encoding         : 65001

 author                ：李文国

 Date: 26/02/2023 14:37:09
*/

use HelpEasePro;

SET NAMES utf8;
SET FOREIGN_KEY_CHECKS = 0;

-- ----------------------------
-- Table structure for campus_category
-- ----------------------------
DROP TABLE IF EXISTS `campus_category`;
CREATE TABLE `campus_category` (
  `category_id` bigint NOT NULL COMMENT '分类主键',
  `category_name` varchar(30) CHARACTER SET utf8 COLLATE utf8_general_ci NOT NULL COMMENT '分类名',
  `parent_id` bigint DEFAULT '0' COMMENT '父分类id',
  `order_num` int DEFAULT '0' COMMENT '显示顺序',
  `slug` varchar(30) NOT NULL COMMENT '缩略名',
  `description` varchar(300) DEFAULT NULL COMMENT '描述',
  `type` char(1) DEFAULT 'N' COMMENT '系统内置（Y是 N否）',
  `icon` varchar(100) DEFAULT NULL COMMENT '分类图标\n',
  `status` char(1) CHARACTER SET utf8 COLLATE utf8_general_ci DEFAULT '0' COMMENT '状态（0正常 1停用）',
  `del_flag` bit(1) DEFAULT b'0' COMMENT '逻辑删除(1:已删除，0:未删除)',
  `create_time` datetime DEFAULT CURRENT_TIMESTAMP COMMENT '创建时间',
  `create_user` bigint DEFAULT NULL COMMENT '创建人',
  `update_time` datetime DEFAULT CURRENT_TIMESTAMP ON UPDATE CURRENT_TIMESTAMP COMMENT '更新时间',
  `update_user` bigint DEFAULT NULL COMMENT '更新人',
  PRIMARY KEY (`category_id`) USING BTREE
) ENGINE=InnoDB DEFAULT CHARSET=utf8mb3;

-- ----------------------------
-- Records of campus_category
-- ----------------------------
BEGIN;
INSERT INTO `campus_category` (`category_id`, `category_name`, `parent_id`, `order_num`, `slug`, `description`, `type`, `icon`, `status`, `del_flag`, `create_time`, `create_user`, `update_time`, `update_user`) VALUES (1, '领智墙', 0, 1, 'newest', '最近的墙内容(菜单默认选择这个)', 'Y', 'system', '0', b'0', '2022-12-30 20:11:41', 1, '2023-01-01 22:23:49', 1);
INSERT INTO `campus_category` (`category_id`, `category_name`, `parent_id`, `order_num`, `slug`, `description`, `type`, `icon`, `status`, `del_flag`, `create_time`, `create_user`, `update_time`, `update_user`) VALUES (123, '求助版', 0, 2, 'confes', '求助分类描述', 'N', 'https://i.328888.xyz/2023/04/04/ijW4Lq.png', '0', b'0', '2021-10-15 10:32:00', NULL, '2023-01-01 22:23:43', 1);
INSERT INTO `campus_category` (`category_id`, `category_name`, `parent_id`, `order_num`, `slug`, `description`, `type`, `icon`, `status`, `del_flag`, `create_time`, `create_user`, `update_time`, `update_user`) VALUES (1449212758636646402, '生活', 123, 0, 'life', '生活求助描述', 'N', 'https://i.328888.xyz/2023/03/29/ikx4q5.png', '0', b'0', '2021-10-16 11:17:01', NULL, '2023-01-01 22:26:29', 1),
(1449212758636646403, '社区', 123, 0, 'community', '社区求助描述', 'N', 'https://i.328888.xyz/2023/03/29/ikxD28.png', '0', b'0', '2021-10-16 11:17:01', NULL, '2023-01-01 22:26:29', 1),
(1449212758636646404, '出行', 123, 0, 'trip', '出行求助描述', 'N', 'https://i.328888.xyz/2023/03/29/ikxydy.png', '0', b'0', '2021-10-16 11:17:01', NULL, '2023-01-01 22:26:29', 1),
(1449212758636646405, '学习', 123, 0, 'study', '学习求助描述', 'N', 'https://i.328888.xyz/2023/03/29/ikxnPF.png', '0', b'0', '2021-10-16 11:17:01', NULL, '2023-01-01 22:26:29', 1),
(1449212758636646406, '娱乐', 123, 0, 'recreation', '娱乐求助描述', 'N', 'https://i.328888.xyz/2023/03/29/ikxkmQ.png', '0', b'0', '2021-10-16 11:17:01', NULL, '2023-01-01 22:26:29', 1),
(1449212758636646407, '情感', 123, 0, 'emotion', '情感求助描述', 'N', 'https://i.328888.xyz/2023/03/29/ikxfI3.png', '0', b'0', '2021-10-16 11:17:01', NULL, '2023-01-01 22:26:29', 1),
(1449212758636646408, '校园', 123, 0, 'campus', '校园求助描述', 'N', 'https://i.328888.xyz/2023/03/29/ikxWWH.png', '0', b'0', '2021-10-16 11:17:01', NULL, '2023-01-01 22:26:29', 1),
(1449212758636646409, '商务', 123, 0, 'business', '商务求助描述', 'N', 'https://i.328888.xyz/2023/03/29/ikxUEZ.png', '0', b'0', '2021-10-16 11:17:01', NULL, '2023-01-01 22:26:29', 1),
(1449212758636646410, '其他', 123, 0, 'else', '其他求助描述', 'N', 'https://www.hualigs.cn/image/641fdd4dac243.jpg', '0', b'0', '2021-10-16 11:17:01', NULL, '2023-01-01 22:26:29', 1);



INSERT INTO `campus_category` (`category_id`, `category_name`, `parent_id`, `order_num`, `slug`, `description`, `type`, `icon`, `status`, `del_flag`, `create_time`, `create_user`, `update_time`, `update_user`) VALUES (1465662542308495361, '看世界', 0, 10, 'solid', '实时最新消息', 'N', 'https://i.328888.xyz/2023/04/13/igHsFc.png', '0', b'0', '2021-11-30 20:42:35', NULL, '2022-12-26 17:57:48', 1);
INSERT INTO `campus_category` (`category_id`, `category_name`, `parent_id`, `order_num`, `slug`, `description`, `type`, `icon`, `status`, `del_flag`, `create_time`, `create_user`, `update_time`, `update_user`) VALUES (1602336520042287105, '实讯子', 1465662542308495361, 0, '123', NULL, 'N', 'https://i.328888.xyz/2023/04/04/ij2Ld5.png', '0', b'0', '2022-12-13 00:16:11', 1, '2022-12-26 17:57:51', NULL);
COMMIT;

-- ----------------------------
-- Table structure for campus_comment
-- ----------------------------
DROP TABLE IF EXISTS `campus_comment`;
CREATE TABLE `campus_comment` (
  `comment_id` bigint NOT NULL COMMENT '评论主键',
  `parent_id` bigint DEFAULT '0' COMMENT '上级id',
  `one_level_id` bigint DEFAULT '-1' COMMENT '所属的一级评论id',
  `user_id` bigint DEFAULT NULL COMMENT '用户id',
  `to_user_id` bigint DEFAULT '-1' COMMENT '所回复目标评论的用户id',
  `content_id` bigint DEFAULT NULL COMMENT '内容id',
  `co_content` varchar(200) CHARACTER SET utf8 COLLATE utf8_general_ci DEFAULT NULL COMMENT '评论内容',
  `ip` varchar(64) DEFAULT NULL COMMENT '评论时的ip',
  `address` varchar(100) DEFAULT NULL COMMENT '评论时的地址',
  `del_flag` bit(1) DEFAULT b'0' COMMENT '逻辑删除(1:已删除，0:未删除)',
  `create_time` datetime DEFAULT CURRENT_TIMESTAMP COMMENT '创建时间',
  `create_user` bigint DEFAULT NULL COMMENT '创建人',
  `update_time` datetime DEFAULT CURRENT_TIMESTAMP ON UPDATE CURRENT_TIMESTAMP COMMENT '更新时间',
  `update_user` bigint DEFAULT NULL COMMENT '更新人',
  PRIMARY KEY (`comment_id`) USING BTREE
) ENGINE=InnoDB DEFAULT CHARSET=utf8mb3;

-- ----------------------------
-- Records of campus_comment
-- ----------------------------
BEGIN;
INSERT INTO `campus_comment` (`comment_id`, `parent_id`, `one_level_id`, `user_id`, `to_user_id`, `content_id`, `co_content`, `ip`, `address`, `del_flag`, `create_time`, `create_user`, `update_time`, `update_user`) VALUES (11, 0, -1, 1594285543804383234, -1, 1, '这个求助平台项目是一个非常实用的工具，可以为学生、教师和其他社区成员提供帮助和支持。', '127.0.0.1', '内网IP', b'0', '2023-01-06 15:27:22', NULL, '2023-01-14 20:09:50', NULL);
INSERT INTO `campus_comment` (`comment_id`, `parent_id`, `one_level_id`, `user_id`, `to_user_id`, `content_id`, `co_content`, `ip`, `address`, `del_flag`, `create_time`, `create_user`, `update_time`, `update_user`) VALUES (12, 0, -1, 1594285543804383235, -1, 1, 'HelpEasePro的精神是一种非常宝贵的资源共享和社区合作的方式，这个项目的开源代码可以让更多人参与和贡献。', '127.0.0.1', '内网IP', b'0', '2023-01-06 15:27:22', NULL, '2023-01-14 20:09:52', NULL);
INSERT INTO `campus_comment` (`comment_id`, `parent_id`, `one_level_id`, `user_id`, `to_user_id`, `content_id`, `co_content`, `ip`, `address`, `del_flag`, `create_time`, `create_user`, `update_time`, `update_user`) VALUES (13, 0, -1, 1594285543804383234, -1, 1, '通过使用这个求助平台，我们可以更加高效地解决问题，同时也能够培养我们的合作和交流能力。', '127.0.0.1', '内网IP', b'0', '2023-01-06 15:27:22', NULL, '2023-01-14 20:09:53', NULL);
INSERT INTO `campus_comment` (`comment_id`, `parent_id`, `one_level_id`, `user_id`, `to_user_id`, `content_id`, `co_content`, `ip`, `address`, `del_flag`, `create_time`, `create_user`, `update_time`, `update_user`) VALUES (14, 0, -1, 1, -1, 1, '你们可以通过 Fork 这个项目，并对其进行定制化和改进，从而使其更符合我们自己的需求。', '127.0.0.1', '内网IP', b'0', '2023-01-06 15:27:22', NULL, '2023-01-14 20:09:55', NULL);
INSERT INTO `campus_comment` (`comment_id`, `parent_id`, `one_level_id`, `user_id`, `to_user_id`, `content_id`, `co_content`, `ip`, `address`, `del_flag`, `create_time`, `create_user`, `update_time`, `update_user`) VALUES (15, 0, -1, 1594285543804383235, -1, 1, '能够为大家提供一个求助平台，方便大家互相交流和帮助。同时，也很感谢开发者的付出和分享精神，让更多人可以受益。希望更多的人能够参与到这个项目中来，为其发展做出自己的贡献。', '127.0.0.1', '内网IP', b'0', '2023-01-06 15:27:22', NULL, '2023-01-14 20:09:57', NULL);
INSERT INTO `campus_comment` (`comment_id`, `parent_id`, `one_level_id`, `user_id`, `to_user_id`, `content_id`, `co_content`, `ip`, `address`, `del_flag`, `create_time`, `create_user`, `update_time`, `update_user`) VALUES (16, 0, -1, 2, -1, 1, '将军希望更多的人能够加入到这个开源社区中来，分享自己的经验和技能，让这个项目能够不断发展和壮大。', '127.0.0.1', '内网IP', b'0', '2023-01-06 15:27:22', NULL, '2023-01-14 20:10:00', NULL);
INSERT INTO `campus_comment` (`comment_id`, `parent_id`, `one_level_id`, `user_id`, `to_user_id`, `content_id`, `co_content`, `ip`, `address`, `del_flag`, `create_time`, `create_user`, `update_time`, `update_user`) VALUES (17, 0, -1, 1594285543804383234, -1, 1, '通过使用这个求助平台，我们可以更好地利用社区的力量，互相帮助解决问题，从而使社区更加紧密和融洽。', '127.0.0.1', '内网IP', b'0', '2023-01-06 15:27:22', NULL, '2023-01-14 20:10:02', NULL);
INSERT INTO `campus_comment` (`comment_id`, `parent_id`, `one_level_id`, `user_id`, `to_user_id`, `content_id`, `co_content`, `ip`, `address`, `del_flag`, `create_time`, `create_user`, `update_time`, `update_user`) VALUES (18, 0, -1, 1594285543804383235, -1, 1, '这个项目不仅可以为学生、教师和社区成员提供帮助，还可以为其他开发者提供学习和借鉴的机会。', '127.0.0.1', '内网IP', b'0', '2023-01-06 15:27:22', NULL, '2023-01-14 20:10:04', NULL);
INSERT INTO `campus_comment` (`comment_id`, `parent_id`, `one_level_id`, `user_id`, `to_user_id`, `content_id`, `co_content`, `ip`, `address`, `del_flag`, `create_time`, `create_user`, `update_time`, `update_user`) VALUES (1629730765613047809, 0, -1, 1594285543804383234, -1, 1629730419490693121, '我爱她轰轰烈烈最疯狂', '127.0.0.1', '内网IP', b'0', '2023-02-26 14:31:08', 1594285543804383234, '2023-02-26 14:31:08', NULL);
INSERT INTO `campus_comment` (`comment_id`, `parent_id`, `one_level_id`, `user_id`, `to_user_id`, `content_id`, `co_content`, `ip`, `address`, `del_flag`, `create_time`, `create_user`, `update_time`, `update_user`) VALUES (1629730802099298306, 1629730765613047809, 1629730765613047809, 1594285543804383234, -1, 1629730419490693121, 'ChatGPT 如何使用', '127.0.0.1', '内网IP', b'0', '2023-02-26 14:31:17', 1594285543804383234, '2023-02-26 14:31:16', NULL);
INSERT INTO `campus_comment` (`comment_id`, `parent_id`, `one_level_id`, `user_id`, `to_user_id`, `content_id`, `co_content`, `ip`, `address`, `del_flag`, `create_time`, `create_user`, `update_time`, `update_user`) VALUES (1635847411633246209, 1629730765613047809, 1629730765613047809, 1594285543804383234, -1, 1629730419490693121, 'VPN', '127.0.0.1', '内网IP', b'0', '2023-03-15 11:36:30', 1594285543804383234, '2023-03-15 11:36:30', NULL);
INSERT INTO `campus_comment` (`comment_id`, `parent_id`, `one_level_id`, `user_id`, `to_user_id`, `content_id`, `co_content`, `ip`, `address`, `del_flag`, `create_time`, `create_user`, `update_time`, `update_user`) VALUES (1636017759590830082, 0, -1, 1594285543804383234, -1, 1629730419490693121, '我想飞天', '127.0.0.1', '内网IP', b'0', '2023-03-15 22:53:24', 1594285543804383234, '2023-03-15 22:53:24', NULL);
INSERT INTO `campus_comment` (`comment_id`, `parent_id`, `one_level_id`, `user_id`, `to_user_id`, `content_id`, `co_content`, `ip`, `address`, `del_flag`, `create_time`, `create_user`, `update_time`, `update_user`) VALUES (1636017766272356353, 0, -1, 1594285543804383235, -1, 1629730419490693121, '如果你需要购买新的电脑配件或者零件，可以尝试在网上或者专业的电子产品商店购买。', '127.0.0.1', '内网IP', b'0', '2023-03-15 22:53:26', 1594285543804383234, '2023-03-15 22:53:25', NULL);
INSERT INTO `campus_comment` (`comment_id`, `parent_id`, `one_level_id`, `user_id`, `to_user_id`, `content_id`, `co_content`, `ip`, `address`, `del_flag`, `create_time`, `create_user`, `update_time`, `update_user`) VALUES (1636017772526063617, 0, -1, 1594285543804383234, -1, 1629730419490693121, '在送修前，建议你备份好电脑里的重要文件和数据，避免丢失。', '127.0.0.1', '内网IP', b'0', '2023-03-15 22:53:27', 1594285543804383234, '2023-03-15 22:53:27', NULL);
INSERT INTO `campus_comment` (`comment_id`, `parent_id`, `one_level_id`, `user_id`, `to_user_id`, `content_id`, `co_content`, `ip`, `address`, `del_flag`, `create_time`, `create_user`, `update_time`, `update_user`) VALUES (1636017800254607362, 0, -1, 1594285543804383235, -1, 1629730419490693121, '如果学校没有专门的维修中心，可以尝试在周围寻找专业的电脑维修店进行维修。', '127.0.0.1', '内网IP', b'0', '2023-03-15 22:53:34', 1594285543804383234, '2023-03-15 22:53:33', NULL);
INSERT INTO `campus_comment` (`comment_id`, `parent_id`, `one_level_id`, `user_id`, `to_user_id`, `content_id`, `co_content`, `ip`, `address`, `del_flag`, `create_time`, `create_user`, `update_time`, `update_user`) VALUES (1636017809863757825, 0, -1, 1, -1, 1629730419490693121, '如果你的电脑已经过了保修期，可以尝试联系学校的IT部门或者维修中心，看看他们是否能够提供帮助。', '127.0.0.1', '内网IP', b'0', '2023-03-15 22:53:36', 1594285543804383234, '2023-03-15 22:53:36', NULL);
INSERT INTO `campus_comment` (`comment_id`, `parent_id`, `one_level_id`, `user_id`, `to_user_id`, `content_id`, `co_content`, `ip`, `address`, `del_flag`, `create_time`, `create_user`, `update_time`, `update_user`) VALUES (1636017819649069057, 0, -1, 2, -1, 1629730419490693121, '如果你的电脑还在保修期内，建议你先联系电脑品牌的售后服务，看看能否免费维修。', '127.0.0.1', '内网IP', b'0', '2023-03-15 22:53:39', 1594285543804383234, '2023-03-15 22:53:38', NULL);
INSERT INTO `campus_comment` (`comment_id`, `parent_id`, `one_level_id`, `user_id`, `to_user_id`, `content_id`, `co_content`, `ip`, `address`, `del_flag`, `create_time`, `create_user`, `update_time`, `update_user`) VALUES (1636022008630497281, 1636017819649069057, 1636017819649069057, 1594285543804383235, -1, 1629730419490693121, '很遗憾听到你的电脑出了问题，希望你能够尽快解决这个问题。', '127.0.0.1', '内网IP', b'0', '2023-03-15 23:10:17', 1594285543804383234, '2023-03-15 23:10:17', NULL);
INSERT INTO `campus_comment` (`comment_id`, `parent_id`, `one_level_id`, `user_id`, `to_user_id`, `content_id`, `co_content`, `ip`, `address`, `del_flag`, `create_time`, `create_user`, `update_time`, `update_user`) VALUES (1636190372501934082, 0, -1, 1594285543804383235, -1, 1635923549986508801, '最重要的是，不要过度追求成绩和效果，锻炼应该是一种健康的生活方式，让自己变得更加健康、积极和快乐才是最重要的。', '127.0.0.1', '内网IP', b'0', '2023-03-16 10:19:18', 1594285543804383234, '2023-03-16 10:19:18', NULL),
(1636190372501934083, 0, -1, 1594285543804383219, -1, 1635923549986508802, '训练前需要了解狗狗的性格和行为习惯，因为不同的狗狗需要不同的训练方法。', '127.0.0.1', '内网IP', b'0', '2023-03-16 10:19:18', 1594285543804383234, '2023-03-16 10:19:18', NULL),
(1636190372501934084, 0, -1, 1594285543804383218, -1, 1635923549986508802, '重视正面强化，比如给予食物或玩具作为奖励，这样可以增强狗狗的积极性和信心。', '127.0.0.1', '内网IP', b'0', '2023-03-16 10:19:18', 1594285543804383234, '2023-03-16 10:19:18', NULL),
(1636190372501934085, 0, -1, 1594285543804383217, -1, 1635923549986508803, '推荐几款比较受欢迎的型号：三星的Q90T、LG的OLED CX、索尼的X900H、海信的ULED等等，这些型号在画质、音效、性能等方面都有着不错的表现。', '127.0.0.1', '内网IP', b'0', '2023-03-16 10:19:18', 1594285543804383234, '2023-03-16 10:19:18', NULL),

(1636190372501934086, 0, -1, 1594285543804383216, -1, 1635923549986508808, '你可以在社区公园里散步、野餐或是骑自行车，感受大自然的美好。', '127.0.0.1', '内网IP', b'0', '2023-03-16 10:19:18', 1594285543804383234, '2023-03-16 10:19:18', NULL),
(1636190372501934087, 0, -1, 1594285543804383215, -1, 1635923549986508808, '一些公园会定期举办文艺表演和亲子活动，可以关注一下公园的官方网站或社交媒体账号。', '127.0.0.1', '内网IP', b'0', '2023-03-16 10:19:18', 1594285543804383234, '2023-03-16 10:19:18', NULL),
(1636190372501934088, 0, -1, 1594285543804383214, -1, 1635923549986508808, '如果有条件的话，你也可以和孩子一起参加公园附近的社区活动或志愿者活动，既能锻炼身体，也可以结交更多的朋友。', '127.0.0.1', '内网IP', b'0', '2023-03-16 10:19:18', 1594285543804383234, '2023-03-16 10:19:18', NULL),

(1636190372501934089, 0, -1, 1594285543804383213, -1, 1635923549986508811, '在网上或者旅游APP上查询目的地机场的交通信息，可以通过地铁、公交、出租车等多种方式到达市中心，根据自己的需求选择最方便的方式。', '127.0.0.1', '内网IP', b'0', '2023-03-16 10:19:18', 1594285543804383234, '2023-03-16 10:19:18', NULL),
(1636190372501934010, 0, -1, 1594285543804383212, -1, 1635923549986508811, '事先准备好目的地机场和市中心的地图，并确定自己要去的具体地址和路线，可以避免迷路和浪费时间。', '127.0.0.1', '内网IP', b'0', '2023-03-16 10:19:18', 1594285543804383234, '2023-03-16 10:19:18', NULL),
(1636190372501934011, 0, -1, 1594285543804383211, -1, 1635923549986508811, '如果行李较多或者不方便，可以考虑使用机场巴士或者专车等特殊服务，虽然价格可能会比较高，但是可以节省时间和精力。', '127.0.0.1', '内网IP', b'0', '2023-03-16 10:19:18', 1594285543804383234, '2023-03-16 10:19:18', NULL),

(1636190372501934012, 0, -1, 1594285543804383210, -1, 1635923549986508814, '提高英语口语需要不断练习和积累，建议多参加口语训练班，找机会和外国人交流，加强练习口语。', '127.0.0.1', '内网IP', b'0', '2023-03-16 10:19:18', 1594285543804383234, '2023-03-16 10:19:18', NULL),
(1636190372501934013, 0, -1, 1594285543804383239, -1, 1635923549986508814, '在网上寻找一些英语口语视频资源，例如TED演讲等，通过模仿、背诵和录制自己的音频来提高自己的口语表达能力。', '127.0.0.1', '内网IP', b'0', '2023-03-16 10:19:18', 1594285543804383234, '2023-03-16 10:19:18', NULL),
(1636190372501934014, 0, -1, 1594285543804383238, -1, 1635923549986508814, '利用一些在线学习平台，例如Coursera、edX等，参加英语口语课程，跟着老师的指导和学习内容进行口语练习。', '127.0.0.1', '内网IP', b'0', '2023-03-16 10:19:18', 1594285543804383234, '2023-03-16 10:19:18', NULL),

(1636190372501934015, 0, -1, 1594285543804383237, -1, 1635923549986508817, '推荐《熊出没之夏日连连看》，一部适合全家观看的卡通电影，剧情有趣，画面清新可爱，是放松心情的好选择。', '127.0.0.1', '内网IP', b'0', '2023-03-16 10:19:18', 1594285543804383234, '2023-03-16 10:19:18', NULL),
(1636190372501934016, 0, -1, 1594285543804383235, -1, 1635923549986508817, '推荐《黑镜》，一部高质量的科幻题材电视剧，每集讲述的故事都有深刻的思考和警示作用，非常值得一看。', '127.0.0.1', '内网IP', b'0', '2023-03-16 10:19:18', 1594285543804383234, '2023-03-16 10:19:18', NULL),
(1636190372501934017, 0, -1, 1594285543804383234, -1, 1635923549986508817, '推荐《爱情公寓》，一部青春爱情喜剧电视剧，轻松幽默，情节生动有趣，是适合放松心情的好剧。', '127.0.0.1', '内网IP', b'0', '2023-03-16 10:19:18', 1594285543804383234, '2023-03-16 10:19:18', NULL),

(1636190372501934018, 0, -1, 1594285543804383237, -1, 1635923549986508820, '深呼吸，冷静思考。在情感受到打击时，首先要冷静下来，深呼吸，想清楚下一步该怎么走。', '127.0.0.1', '内网IP', b'0', '2023-03-16 10:19:18', 1594285543804383234, '2023-03-16 10:19:18', NULL),
(1636190372501934019, 0, -1, 1594285543804383219, -1, 1635923549986508820, '寻求支持和陪伴。可以向身边的朋友、家人寻求支持和陪伴，倾诉自己的心情，分享自己的痛苦和经历。', '127.0.0.1', '内网IP', b'0', '2023-03-16 10:19:18', 1594285543804383234, '2023-03-16 10:19:18', NULL),
(1636190372501934020, 0, -1, 1594285543804383210, -1, 1635923549986508820, '沉淀自己的情感。通过写日记、画画、听音乐等方式，让自己沉淀情感，发泄情绪，从而减轻内心的负担。', '127.0.0.1', '内网IP', b'0', '2023-03-16 10:19:18', 1594285543804383234, '2023-03-16 10:19:18', NULL),
(1636190372501934021, 0, -1, 1594285543804383214, -1, 1635923549986508820, '做一些积极的事情。可以通过做志愿者、参加公益活动等方式，让自己感到有价值，从而提高自信心。', '127.0.0.1', '内网IP', b'0', '2023-03-16 10:19:18', 1594285543804383234, '2023-03-16 10:19:18', NULL),
(1636190372501934022, 0, -1, 1594285543804383217, -1, 1635923549986508820, '专业心理咨询。如果自己的情感问题比较严重，建议寻求专业心理咨询，得到专业的指导和支持。', '127.0.0.1', '内网IP', b'0', '2023-03-16 10:19:18', 1594285543804383234, '2023-03-16 10:19:18', NULL),
(1636190372501934023, 0, -1, 1594285543804383238, -1, 1635923549986508824, '在寻找女朋友时，不能只关注外表，更应该注重性格、兴趣爱好等方面的匹配，才能建立稳定、长久的感情关系。', '127.0.0.1', '内网IP', b'0', '2023-03-16 10:19:18', 1594285543804383234, '2023-03-16 10:19:18', NULL),
(1636190372501934024, 0, -1, 1594285543804383237, -1, 1635923549986508824, '对于单身已久的人来说，可以多参加社交活动，扩大自己的社交圈子，增加认识新人的机会。', '127.0.0.1', '内网IP', b'0', '2023-03-16 10:19:18', 1594285543804383234, '2023-03-16 10:19:18', NULL),
(1636190372501934025, 0, -1, 1594285543804383210, -1, 1635923549986508824, '除了寻找适合自己的女朋友，也应该注重自己的个人成长和提升，提高自身的吸引力和价值。', '127.0.0.1', '内网IP', b'0', '2023-03-16 10:19:18', 1594285543804383234, '2023-03-16 10:19:18', NULL),
(1636190372501934026, 0, -1, 1594285543804383215, -1, 1635923549986508824, '不要急于求成，爱情需要时间和耐心，建立感情需要慢慢培养，所以要保持积极、乐观的心态，相信真爱会降临在适合的时候。', '127.0.0.1', '内网IP', b'0', '2023-03-16 10:19:18', 1594285543804383234, '2023-03-16 10:19:18', NULL),

(1636190372501934027, 0, -1, 1594285543804383237, -1, 1635923549986508826, '保持练习的频率和量。提高英语口语水平需要坚持练习，尤其是口语练习，可以每天安排一定的时间练习口语，保持频率和量的稳定性。', '127.0.0.1', '内网IP', b'0', '2023-03-16 10:19:18', 1594285543804383234, '2023-03-16 10:19:18', NULL),
(1636190372501934028, 0, -1, 1594285543804383238, -1, 1635923549986508826, '创造英语语境和环境。可以通过与英语母语人士交流、看英语电影、听英语音乐等方式创造英语语境和环境，从而加强英语口语能力。', '127.0.0.1', '内网IP', b'0', '2023-03-16 10:19:18', 1594285543804383234, '2023-03-16 10:19:18', NULL),
(1636190372501934029, 0, -1, 1594285543804383239, -1, 1635923549986508826, '注重语音和语调的准确性。英语口语中语音和语调的准确性很重要，可以通过模仿和跟读等方式来提高语音和语调的准确性，从而增强口语表达的流畅性和自然度。', '127.0.0.1', '内网IP', b'0', '2023-03-16 10:19:18', 1594285543804383234, '2023-03-16 10:19:18', NULL),
(1636190372501934030, 0, -1, 1594285543804383210, -1, 1635923549986508826, '扩大词汇量和语法知识。口语表达需要丰富的词汇量和正确的语法知识，可以通过阅读、写作等方式扩大词汇量和提高语法知识水平，从而提高口语表达的准确性和质量。', '127.0.0.1', '内网IP', b'0', '2023-03-16 10:19:18', 1594285543804383234, '2023-03-16 10:19:18', NULL),

(1636190372501934031, 0, -1, 1594285543804383211, -1, 1635923549986508828, '确定调研目标和问题。在进行市场调研前，需要明确调研的目标和需要解决的问题，这样才能更加有针对性地开展调研。', '127.0.0.1', '内网IP', b'0', '2023-03-16 10:19:18', 1594285543804383234, '2023-03-16 10:19:18', NULL),
(1636190372501934032, 0, -1, 1594285543804383212, -1, 1635923549986508828, '确定调研样本和范围。根据调研目标和问题，确定需要调研的受众和范围，如年龄、性别、地域等，从而保证调研结果的准确性和可靠性。', '127.0.0.1', '内网IP', b'0', '2023-03-16 10:19:18', 1594285543804383234, '2023-03-16 10:19:18', NULL),

(1636190372501934033, 0, -1, 1594285543804383213, -1, 1635923549986508830, '了解彼此的需求和感受，寻求共同点。可以尝试倾听家人的想法，了解他们的需要和感受，寻找双方共同点，从而更好地解决矛盾。', '127.0.0.1', '内网IP', b'0', '2023-03-16 10:19:18', 1594285543804383234, '2023-03-16 10:19:18', NULL),
(1636190372501934034, 0, -1, 1594285543804383214, -1, 1635923549986508830, '采取非攻击性沟通方式，避免指责和攻击对方。可以使用“我语”来表达自己的感受，避免使用指责性的语言，从而降低矛盾的激化。', '127.0.0.1', '内网IP', b'0', '2023-03-16 10:19:18', 1594285543804383234, '2023-03-16 10:19:18', NULL);
COMMIT;

-- ----------------------------
-- Table structure for campus_content
-- ----------------------------
DROP TABLE IF EXISTS `campus_content`;
CREATE TABLE `campus_content` (
  `content_id` bigint NOT NULL COMMENT '内容主键',
  `user_id` bigint DEFAULT NULL COMMENT '用户id',
  `category_id` bigint DEFAULT NULL COMMENT '类别id',
  `content` varchar(700) CHARACTER SET utf8 COLLATE utf8_general_ci DEFAULT NULL COMMENT '发表的内容',
  `status` tinyint(1) DEFAULT NULL COMMENT '状态：0审核,1正常,2下架,3拒绝（审核不通过）',
  `type` tinyint(1) DEFAULT NULL COMMENT '类型：0文字,1图片,2视频',
  `file_count` int DEFAULT NULL COMMENT '文件数量',
  `love_count` int DEFAULT '0' COMMENT '点赞数量',
  `is_anonymous` tinyint(1) DEFAULT '0' COMMENT '0不匿名，1匿名',
  `remark` varchar(500) DEFAULT NULL COMMENT '备注',
  `del_flag` bit(1) DEFAULT b'0' COMMENT '逻辑删除(1:已删除，0:未删除)',
  `create_time` datetime DEFAULT CURRENT_TIMESTAMP COMMENT '创建时间',
  `create_user` bigint DEFAULT NULL COMMENT '创建人',
  `update_time` datetime DEFAULT CURRENT_TIMESTAMP ON UPDATE CURRENT_TIMESTAMP COMMENT '更新时间',
  `update_user` bigint DEFAULT NULL COMMENT '更新人',
  PRIMARY KEY (`content_id`) USING BTREE
) ENGINE=InnoDB DEFAULT CHARSET=utf8mb3;

-- ----------------------------
-- Records of campus_content
-- ----------------------------
BEGIN;
INSERT INTO `campus_content` (`content_id`, `user_id`, `category_id`, `content`, `status`, `type`, `file_count`, `love_count`, `is_anonymous`, `remark`, `del_flag`, `create_time`, `create_user`, `update_time`, `update_user`) VALUES (1, 1, 1449212758636646402, '欢迎使用HelpEasePro项目\n开源地址：https://github.com/oddfar/campus\n欢迎大家 Star 和 Fork 支持~', 1, 0, 0, 0, 1, NULL, b'0', '2022-03-05 10:55:04', NULL, '2023-02-26 14:26:33', 1);
INSERT INTO `campus_content` (`content_id`, `user_id`, `category_id`, `content`, `status`, `type`, `file_count`, `love_count`, `is_anonymous`, `remark`, `del_flag`, `create_time`, `create_user`, `update_time`, `update_user`) VALUES (2, 1594285543804383235, 1602336520042287105, '我们社区里有老人需要帮忙购买食物和日用品，有人能帮忙吗？', 1, 0, 1, 1, 0, NULL, b'0', '2022-12-13 00:01:47', NULL, '2023-02-26 14:34:19', 1);
INSERT INTO `campus_content` (`content_id`, `user_id`, `category_id`, `content`, `status`, `type`, `file_count`, `love_count`, `is_anonymous`, `remark`, `del_flag`, `create_time`, `create_user`, `update_time`, `update_user`) VALUES (3, 2, 1602336520042287105, '你好，welcome\n开源地址：https://github.com/oddfar/campus\n欢迎大家 Star 和 Fork 支持~', 1, 0, 1, 0, 0, NULL, b'0', '2022-12-13 00:01:47', NULL, '2023-02-26 14:33:07', 1);
INSERT INTO `campus_content` (`content_id`, `user_id`, `category_id`, `content`, `status`, `type`, `file_count`, `love_count`, `is_anonymous`, `remark`, `del_flag`, `create_time`, `create_user`, `update_time`, `update_user`) VALUES (1629730419490693121, 1594285543804383236, 1449212758636646402, '我的笔记本电脑出了点问题，有人知道学校里哪个部门可以修理吗？', 1, 0, 0, 1, 0, NULL, b'0', '2023-02-26 14:29:46', 1594285543804383234, '2023-02-26 14:34:57', 1);
INSERT INTO `campus_content` (`content_id`, `user_id`, `category_id`, `content`, `status`, `type`, `file_count`, `love_count`, `is_anonymous`, `remark`, `del_flag`, `create_time`, `create_user`, `update_time`, `update_user`) VALUES (1635923493036249089, 1594285543804383234, 1449212758636646407, '我觉得自己情绪很低落，有人可以和我聊聊吗？', 1, 0, 0, 0, 0, NULL, b'0', '2023-03-15 16:38:49', 1594285543804383234, '2023-03-15 16:39:19', NULL);
INSERT INTO `campus_content` (`content_id`, `user_id`, `category_id`, `content`, `status`, `type`, `file_count`, `love_count`, `is_anonymous`, `remark`, `del_flag`, `create_time`, `create_user`, `update_time`, `update_user`) VALUES (1635923549986508801, 1594285543804383234, 1449212758636646408, '我的体育（3）挂科了，求大神带带我锻炼锻炼；赐教锻炼方法', 1, 0, 0, 0, 0, NULL, b'0', '2023-03-15 16:39:03', 1594285543804383234, '2023-03-15 16:39:21', NULL),
(1635923549986508832, 1594285543804383234, 1602336520042287105, '节约环保，开始从婚礼上做起。近年来，随着环保意识的增强，越来越多的人开始从婚礼上做起，采用环保的方式来庆祝这一特殊的日子。一些新人选择使用环保材料制作婚礼装饰，例如使用可降解的纸制品和可回收的鲜花，还有一些人选择捐赠部分结婚资金来支持环保项目。这种环保的婚礼方式不仅有益于环保，也有助于培养人们对环境保护的意识。', 1, 0, 0, 0, 0, NULL, b'0', '2023-03-15 16:39:03', 1594285543804383234, '2023-03-15 16:39:21', NULL),
(1635923549986508833, 1594285543804383235, 1602336520042287105, '研究显示：睡眠不足可导致记忆力下降。一项最新的研究表明，睡眠不足会导致人的记忆力下降，这是因为大脑在睡眠过程中会整理和巩固记忆。该研究强调了良好睡眠的重要性，并呼吁人们应该保持每晚七到八个小时的睡眠时间来维持身体和大脑的健康。', 1, 0, 0, 0, 0, NULL, b'0', '2023-03-15 16:39:03', 1594285543804383234, '2023-03-15 16:39:21', NULL),
(1635923549986508834, 1594285543804383238, 1602336520042287105, '社区开展“邻里节日”活动。为了促进社区居民的交流和凝聚力，某社区在本月初开展了“邻里节日”活动。在活动中，社区居民一起制作传统的年夜饭，并互相赠送自己亲手制作的小礼品。此外，社区还为居民准备了一系列文娱活动，如文艺表演、游戏互动等，让居民们在愉快的氛围中度过一个难忘的节日。', 1, 0, 0, 0, 0, NULL, b'0', '2023-03-15 16:39:03', 1594285543804383234, '2023-03-15 16:39:21', NULL),
(1635923549986508835, 1594285543804383237, 1602336520042287105, '美国航空公司推出“环保航班”。为了降低航空运输对环境的影响，美国一些航空公司开始推出“环保航班”。这些航班采用了更加环保的燃料和技术，以减少二氧化碳排放量。此外，这些航空公司还在推广旅客自愿捐赠以抵消碳排放量的计划，从而进一步降低其环境影响。', 1, 0, 0, 0, 0, NULL, b'0', '2023-03-15 16:39:03', 1594285543804383234, '2023-03-15 16:39:21', NULL),
(1635923549986508836, 1594285543804383239, 1602336520042287105, '中国大学与企业合作推出AI专业。随着人工智能的快速发展，越来越多的大学开始开设AI相关专业。最近，一些中国大学与企业合作，共同推出AI专业，为学生提供更加实用和前沿的知识和技能。这些课程涵盖了人工智能的各个领域，如机器学习、自然语言处理、计算机视觉等，旨在培养高素质的AI人才，推动AI技术的发展和应用。', 1, 0, 0, 0, 0, NULL, b'0', '2023-03-15 16:39:03', 1594285543804383234, '2023-03-15 16:39:21', NULL),
(1635923549986508837, 1594285543804383210, 1602336520042287105, '电影票房突破10亿。最近上映的一部电影在国内票房突破了10亿人民币，成为今年最卖座的电影之一。这部电影讲述了一个温暖感人的故事，深受观众喜爱。这个成绩也反映了观众对电影的热情和对电影市场的信心，为电影产业带来了更多的机会和潜力。', 1, 0, 0, 0, 0, NULL, b'0', '2023-03-15 16:39:03', 1594285543804383234, '2023-03-15 16:39:21', NULL),

(1635923549986508838, 1594285543804383210, 1602336520042287105, '治愈系猫咪视频走红网络。最近，一只治愈系猫咪的视频在网络上走红。这只猫咪毛茸茸的外表和慵懒的表情，让人不禁感到放松和愉悦。很多人纷纷表示，这只猫咪成为了自己日常生活中的心灵慰藉，带给了自己很多正能量。', 1, 0, 0, 0, 0, NULL, b'0', '2023-03-15 16:39:03', 1594285543804383234, '2023-03-15 16:39:21', NULL),
(1635923549986508839, 1594285543804383219, 1602336520042287105, '情侣远距离恋爱一年后终于相聚。由于工作和学习的原因，一对情侣在一年前被迫进行了远距离恋爱。虽然这段时间很辛苦，但他们一直相互支持和鼓励。最近，他们终于迎来了团聚的时刻。他们在机场相拥而泣，感受到了幸福和温暖。', 1, 0, 0, 0, 0, NULL, b'0', '2023-03-15 16:39:03', 1594285543804383234, '2023-03-15 16:39:21', NULL),
(1635923549986508840, 1594285543804383237, 1602336520042287105, '孝心少年陪伴老人读书。最近，一位孝心少年被曝光，他每天花费一小时的时间陪伴一位老人读书。这位老人因为年龄原因无法自己阅读，但他对知识和文化充满了热情。孝心少年看到了老人的渴望，便主动前来帮忙。他们一起阅读、交流、分享，让彼此的生活更加丰富和充实。', 1, 0, 0, 0, 0, NULL, b'0', '2023-03-15 16:39:03', 1594285543804383234, '2023-03-15 16:39:21', NULL),
(1635923549986508841, 1594285543804383238, 1602336520042287105, '失联多日的孩子被找到，家人感激涕零。最近，一名孩子在外出玩耍时失踪了，家人四处寻找但一直没有找到。经过多日的搜寻，孩子终于被找到了，他平安无恙地回到了家人身边。家人感激涕零，紧紧地抱着孩子，感受到了家庭的温暖和幸福。', 1, 0, 0, 0, 0, NULL, b'0', '2023-03-15 16:39:03', 1594285543804383234, '2023-03-15 16:39:21', NULL),
(1635923549986508842, 1594285543804383218, 1602336520042287105, '网友众筹帮助罕见病患者。最近，一名患有罕见病的女孩在社交媒体上发出求助，她需要大量的医疗费用和治疗支持。很多网友看到了这个消息，纷纷捐款帮助这个女孩。在大家的努力下，女孩得到了足够的治疗资金，她也感受到了社会的温暖和支持。', 1, 0, 0, 0, 0, NULL, b'0', '2023-03-15 16:39:03', 1594285543804383234, '2023-03-15 16:39:21', NULL),

(1635923549986508843, 1594285543804383217, 1602336520042287105, '学生参加科技创新大赛获得佳绩。最近，学校组织了一场科技创新大赛，很多学生参加了比赛。经过激烈角逐，几位学生获得了大赛的优秀奖项，他们的科技创新成果得到了认可和表彰。这不仅是学生们努力学习和创新的成果，也是学校对创新创业的鼓励和支持。', 1, 0, 0, 0, 0, NULL, b'0', '2023-03-15 16:39:03', 1594285543804383234, '2023-03-15 16:39:21', NULL),
(1635923549986508844, 1594285543804383216, 1602336520042287105, '公司成功在纳斯达克上市。最近，一家科技公司在美国纳斯达克成功上市，成为了市值数十亿美元的大公司。这是该公司多年来努力和发展的成果，也是公司对市场的认可和信任。此次上市不仅将带来更多的发展机遇，也将为公司带来更多的投资和资金支持。', 1, 0, 0, 0, 0, NULL, b'0', '2023-03-15 16:39:03', 1594285543804383234, '2023-03-15 16:39:21', NULL),
(1635923549986508845, 1594285543804383214, 1602336520042287105, '政府推出“绿色低碳”政策，促进环保发展。最近，政府发布了一系列“绿色低碳”政策，旨在促进环保事业的发展和推广。这些政策涉及多个领域，包括能源、交通、农业等，通过鼓励环保产业发展和推广低碳技术等方式，实现经济、社会和环境的可持续发展。这不仅将带来更多的环保机遇和利益，也将为未来的可持续发展做出重要贡献。', 1, 0, 0, 0, 0, NULL, b'0', '2023-03-15 16:39:03', 1594285543804383234, '2023-03-15 16:39:21', NULL);



INSERT INTO `campus_content` (`content_id`, `user_id`, `category_id`, `content`, `status`, `type`, `file_count`, `love_count`, `is_anonymous`, `remark`, `del_flag`, `create_time`, `create_user`, `update_time`, `update_user`) VALUES (1635923549986508802, 1594285543804383237, 1449212758636646402, '我的宠物狗不听话，应该怎么训练？我家的宠物狗最近总是不听话，经常闹脾气，咬坏了很多东西，让我很头疼。请问大家有什么好的训练方法可以分享一下吗？我希望能通过科学的方法让狗狗更听话，也能够保证它的身心健康。', 1, 0, 0, 0, 0, NULL, b'0', '2023-03-15 16:39:03', 1594285543804383234, '2023-03-15 16:39:21', NULL),
(1635923549986508803, 1594285543804383238, 1449212758636646402, '我想要购买一款电视，但不知道该如何挑选，请问有哪些品牌和型号可以推荐？
我最近打算购买一款电视，但是对于市面上的品牌和型号不是很了解，希望大家能够推荐一些性', 1, 0, 0, 0, 0, NULL, b'0', '2023-03-15 16:39:03', 1594285543804383234, '2023-03-15 16:39:21', NULL),
(1635923549986508804, 1594285543804383239, 1449212758636646402, '我打算搬家，但不知道如何选择搬家公司，请问大家有没有推荐的公司？
我最近需要搬家，但对于如何选择靠谱的搬家公司比较迷茫。请问大家有没有好的推荐或者注意事项可以分享一下？我比较关心搬家公司的信誉度和服务质量，希望能找到值得信赖的合作伙伴。', 1, 0, 0, 0, 0, NULL, b'0', '2023-03-15 16:39:03', 1594285543804383234, '2023-03-15 16:39:21', NULL),
(1635923549986508805, 1594285543804383210, 1449212758636646402, '我怀疑自己得了感冒，应该怎样处理？
最近我感觉身体不舒服，有点咳嗽和流鼻涕的症状，我怀疑自己可能感染了感冒。请问大家有什么方法可以缓解症状和加速康复呢？我平时的生活习惯比较健康，但这次还是感染了，希望能尽快恢复。', 1, 0, 0, 0, 0, NULL, b'0', '2023-03-15 16:39:03', 1594285543804383234, '2023-03-15 16:39:21', NULL),
(1635923549986508806, 1594285543804383211, 1449212758636646402, '我的手机突然无法充电，应该怎么解决？
我用的是一款iPhone手机，最近它突然无法充电了，我已经试过更换充电器和USB线，但都没有用。请问大家有没有遇到过类似问题，并且有什么解决方法吗？我很需要使用手机，希望能尽快解决这个问题。', 1, 0, 0, 0, 0, NULL, b'0', '2023-03-15 16:39:03', 1594285543804383234, '2023-03-15 16:39:21', NULL),
(1635923549986508807, 1594285543804383212, 1449212758636646402, '我家的自来水出现了异味，该怎么办？
最近我家的自来水开始出现了一股奇怪的气味，我很担心水质的安全性。请问大家有什么办法可以处理这个问题吗？我是否需要联系水务公司或者专业的检测机构来进行检测和修复？谢谢大家的建议！', 1, 0, 0, 0, 0, NULL, b'0', '2023-03-15 16:39:03', 1594285543804383234, '2023-03-15 16:39:21', NULL),

(1635923549986508808, 1594285543804383213, 1449212758636646403, '社区附近的公园有哪些好玩的活动？
大家好，我最近想带着孩子去社区附近的公园玩耍，但是不知道有哪些好玩的活动可以参加。请问有没有住在这个社区的朋友们可以分享一下自己的经验和建议呢？', 1, 0, 0, 0, 0, NULL, b'0', '2023-03-15 16:39:03', 1594285543804383234, '2023-03-15 16:39:21', NULL),
(1635923549986508809, 1594285543804383214, 1449212758636646403, '有没有志愿者帮忙修剪社区内的植被？
我们社区内有很多植被需要修剪和整理，但是由于人手不足，我们的社区自管委员会希望能够招募一些志愿者来帮忙。请问有没有愿意参加这项志愿服务的朋友们呢？', 1, 0, 0, 0, 0, NULL, b'0', '2023-03-15 16:39:03', 1594285543804383234, '2023-03-15 16:39:21', NULL),
(1635923549986508810, 1594285543804383215, 1449212758636646403, '社区内有没有可以借用的教具和图书？
我是一名小学老师，最近需要一些教具和图书来备课和授课。请问社区内有没有可以借用的资源，或者可以提供一些相关的建议和参考呢？', 1, 0, 0, 0, 0, NULL, b'0', '2023-03-15 16:39:03', 1594285543804383234, '2023-03-15 16:39:21', NULL),

(1635923549986508811, 1594285543804383216, 1449212758636646404, '如何从机场到市中心最方便？
大家好，我计划到一个新的城市旅游，但是不知道从机场到市中心应该怎么去比较方便，是否有公共交通可以乘坐？请有经验的朋友们分享一下自己的经验和建议，谢谢！', 1, 0, 0, 0, 0, NULL, b'0', '2023-03-15 16:39:03', 1594285543804383234, '2023-03-15 16:39:21', NULL),
(1635923549986508812, 1594285543804383217, 1449212758636646404, '怎样预定便宜的酒店？
我打算出行，但是预算不太充足，想找一家性价比高的酒店住宿，有没有什么好的网站或者应用可以推荐？谢谢大家的帮助！', 1, 0, 0, 0, 0, NULL, b'0', '2023-03-15 16:39:03', 1594285543804383234, '2023-03-15 16:39:21', NULL),
(1635923549986508813, 1594285543804383218, 1449212758636646404, '如何避免旅途中晕车？
我很容易晕车，每次长途旅行都会很不舒服，有没有什么方法或者药物可以缓解晕车的症状？请大家给予一些建议和帮助。', 1, 0, 0, 0, 0, NULL, b'0', '2023-03-15 16:39:03', 1594285543804383234, '2023-03-15 16:39:21', NULL),

(1635923549986508814, 1594285543804383219, 1449212758636646405, '如何提高自己的英语口语水平？
我是一名学生，英语口语水平比较一般，想要提高自己的英语口语能力，但是不知道从何入手。请问有没有一些好的学习方法或者资源可以推荐？谢谢！', 1, 0, 0, 0, 0, NULL, b'0', '2023-03-15 16:39:03', 1594285543804383234, '2023-03-15 16:39:21', NULL),
(1635923549986508815, 1594285543804383237, 1449212758636646405, '如何更高效地阅读书籍？
我是一名阅读爱好者，但是阅读速度和效率比较低，想要提高自己的阅读能力。请问有没有一些好的方法或者技巧可以推荐？谢谢大家的帮助！', 1, 0, 0, 0, 0, NULL, b'0', '2023-03-15 16:39:03', 1594285543804383234, '2023-03-15 16:39:21', NULL),
(1635923549986508816, 1594285543804383238, 1449212758636646405, '如何更好地准备考试？
我即将参加一场重要的考试，但是感觉自己准备不足，想要知道一些更好的考试准备方法。请问有没有一些好的建议或者资源可以分享？谢谢！', 1, 0, 0, 0, 0, NULL, b'0', '2023-03-15 16:39:03', 1594285543804383234, '2023-03-15 16:39:21', NULL),

(1635923549986508817, 1594285543804383239, 1449212758636646406, '推荐一些好看的电视剧或电影
最近想看一些好看的电视剧或电影，但是不知道有什么好的推荐，希望大家能分享一些好看的作品，谢谢！', 1, 0, 0, 0, 0, NULL, b'0', '2023-03-15 16:39:03', 1594285543804383234, '2023-03-15 16:39:21', NULL),
(1635923549986508818, 1594285543804383210, 1449212758636646406, '如何寻找自己喜欢的音乐？
我喜欢听音乐，但是发现自己的音乐口味比较奇怪，不知道该如何寻找自己喜欢的音乐。请问有没有什么好的方法或者网站可以推荐？', 1, 0, 0, 0, 0, NULL, b'0', '2023-03-15 16:39:03', 1594285543804383234, '2023-03-15 16:39:21', NULL),
(1635923549986508819, 1594285543804383211, 1449212758636646406, '如何安排一个有趣的聚会？
我想安排一个聚会，但是不知道该如何安排才能让大家玩得开心，有没有什么好的建议或者活动可以推荐？', 1, 0, 0, 0, 0, NULL, b'0', '2023-03-15 16:39:03', 1594285543804383234, '2023-03-15 16:39:21', NULL),

(1635923549986508820, 1594285543804383234, 1449212758636646407, '我已经是23岁的人了；单身了23年了；女孩的手都没牵过，给我介绍个女朋友吧，肤白貌美大长腿就行，求求了', 1, 0, 0, 0, 0, NULL, b'0', '2023-03-15 16:39:03', 1594285543804383234, '2023-03-15 16:39:21', NULL),
(1635923549986508821, 1594285543804383212, 1449212758636646407, '如何处理感情问题？
我和我的伴侣出现了一些问题，我感到很困惑和痛苦，不知道该怎么处理这些感情问题。请问有没有一些好的建议或者资源可以分享？', 1, 0, 0, 0, 0, NULL, b'0', '2023-03-15 16:39:03', 1594285543804383234, '2023-03-15 16:39:21', NULL),
(1635923549986508822, 1594285543804383235, 1449212758636646407, '如何克服孤独感？
最近感到很孤独，不知道该如何摆脱这种感觉，希望有一些好的建议或者资源可以分享，谢谢！', 1, 0, 0, 0, 0, NULL, b'0', '2023-03-15 16:39:03', 1594285543804383234, '2023-03-15 16:39:21', NULL),
(1635923549986508823, 1594285543804383213, 1449212758636646407, '如何处理失恋？
我和我的伴侣分手了，我感到非常失落和难过，不知道该如何处理这种情感，有没有一些好的建议或者资源可以分享？', 1, 0, 0, 0, 0, NULL, b'0', '2023-03-15 16:39:03', 1594285543804383234, '2023-03-15 16:39:21', NULL),
(1635923549986508824, 1594285543804383234, 1449212758636646407, '最近我经历了一场情感上的打击，我的恋人背叛了我。我感到非常痛苦和失望，但是我也知道我必须向前看，走出这段困境。我需要一些建议和支持，希望有人能够和我分享经历或提供一些有用的建议，让我能够逐渐恢复自信和重建自我。谢谢！', 1, 0, 0, 0, 0, NULL, b'0', '2023-03-15 16:39:03', 1594285543804383234, '2023-03-15 16:39:21', NULL),
(1635923549986508825, 1594285543804383214, 1449212758636646407, '如何处理焦虑和抑郁？
我感到非常焦虑和抑郁，不知道该如何处理这种情感，希望有一些好的建议或者资源可以分享，谢谢！', 1, 0, 0, 0, 0, NULL, b'0', '2023-03-15 16:39:03', 1594285543804383234, '2023-03-15 16:39:21', NULL),

(1635923549986508826, 1594285543804383215, 1449212758636646408, '如何提高英语口语水平？
我在学校学了很多英语，但是在口语表达上总是感到自己有所欠缺，不知道该如何提高英语口语水平，希望有一些好的建议或者资源可以分享。', 1, 0, 0, 0, 0, NULL, b'0', '2023-03-15 16:39:03', 1594285543804383234, '2023-03-15 16:39:21', NULL),
(1635923549986508827, 1594285543804383216, 1449212758636646408, '如何应对学习压力？
在学校里，我感到学习压力非常大，有时候会感到十分焦虑和疲惫，不知道该如何应对学习压力，有没有一些好的建议或者资源可以分享？', 1, 0, 0, 0, 0, NULL, b'0', '2023-03-15 16:39:03', 1594285543804383234, '2023-03-15 16:39:21', NULL),

(1635923549986508828, 1594285543804383217, 1449212758636646409, '如何开展有效的市场调研？
我正在为公司开展市场调研，但是不知道该如何开展有效的调研，希望有一些好的建议或者资源可以分享。', 1, 0, 0, 0, 0, NULL, b'0', '2023-03-15 16:39:03', 1594285543804383234, '2023-03-15 16:39:21', NULL),
(1635923549986508829, 1594285543804383218, 1449212758636646409, '如何提高团队合作能力？
我在公司担任团队负责人，但是感觉团队的合作能力有待提高，不知道该如何提高团队的合作能力，希望有一些好的建议或者资源可以分享。', 1, 0, 0, 0, 0, NULL, b'0', '2023-03-15 16:39:03', 1594285543804383234, '2023-03-15 16:39:21', NULL),

(1635923549986508830, 1594285543804383216, 1449212758636646410, '如何处理与家人之间的矛盾？
我和家人之间经常会发生一些矛盾，感到非常困扰，不知道该如何处理与家人之间的矛盾，希望有一些好的建议或者资源可以分享。', 1, 0, 0, 0, 0, NULL, b'0', '2023-03-15 16:39:03', 1594285543804383234, '2023-03-15 16:39:21', NULL),
(1635923549986508831, 1594285543804383237, 1449212758636646410, '如何克服拖延症？
我经常会拖延一些重要的事情，感到非常困扰，不知道该如何克服拖延症，希望有一些好的建议或者资源可以分享。', 1, 0, 0, 0, 0, NULL, b'0', '2023-03-15 16:39:03', 1594285543804383234, '2023-03-15 16:39:21', NULL);
COMMIT;

-- ----------------------------
-- Table structure for campus_content_love
-- ----------------------------
DROP TABLE IF EXISTS `campus_content_love`;
CREATE TABLE `campus_content_love` (
  `user_id` bigint NOT NULL COMMENT '用户id',
  `content_id` bigint NOT NULL COMMENT '文章id',
  `create_time` datetime DEFAULT CURRENT_TIMESTAMP COMMENT '创建时间',
  PRIMARY KEY (`user_id`,`content_id`)
) ENGINE=InnoDB DEFAULT CHARSET=utf8mb3;

-- ----------------------------
-- Records of campus_content_love
-- ----------------------------
BEGIN;
INSERT INTO `campus_content_love` (`user_id`, `content_id`, `create_time`) VALUES (1594285543804383234, 2, '2023-02-26 14:33:17');
INSERT INTO `campus_content_love` (`user_id`, `content_id`, `create_time`) VALUES (1594285543804383234, 1629730419490693121, '2023-02-26 14:33:16');
COMMIT;

-- ----------------------------
-- Table structure for campus_content_tag
-- ----------------------------
DROP TABLE IF EXISTS `campus_content_tag`;
CREATE TABLE `campus_content_tag` (
  `content_id` bigint NOT NULL COMMENT '内容id',
  `tag_id` bigint NOT NULL COMMENT '标签id',
  PRIMARY KEY (`content_id`,`tag_id`)
) ENGINE=InnoDB DEFAULT CHARSET=utf8 COLLATE=utf8_general_ci;

-- ----------------------------
-- Records of campus_content_tag
-- ----------------------------
BEGIN;
INSERT INTO `campus_content_tag` (`content_id`, `tag_id`) VALUES (1, 1);
INSERT INTO `campus_content_tag` (`content_id`, `tag_id`) VALUES (1, 2);
INSERT INTO `campus_content_tag` (`content_id`, `tag_id`) VALUES (1, 3);
INSERT INTO `campus_content_tag` (`content_id`, `tag_id`) VALUES (2, 1);
INSERT INTO `campus_content_tag` (`content_id`, `tag_id`) VALUES (2, 2);
COMMIT;

-- ----------------------------
-- Table structure for campus_file
-- ----------------------------
DROP TABLE IF EXISTS `campus_file`;
CREATE TABLE `campus_file` (
  `file_id` bigint NOT NULL,
  `content_id` bigint DEFAULT NULL COMMENT '文章id',
  `user_id` bigint NOT NULL COMMENT '用户id',
  `url` varchar(300) CHARACTER SET utf8 COLLATE utf8_general_ci NOT NULL COMMENT '储存url',
  `create_time` datetime DEFAULT CURRENT_TIMESTAMP ON UPDATE CURRENT_TIMESTAMP COMMENT '创建时间',
  PRIMARY KEY (`file_id`)
) ENGINE=InnoDB DEFAULT CHARSET=utf8mb3;

-- ----------------------------
-- Records of campus_file
-- ----------------------------
BEGIN;
COMMIT;

-- ----------------------------
-- Table structure for campus_tag
-- ----------------------------
DROP TABLE IF EXISTS `campus_tag`;
CREATE TABLE `campus_tag` (
  `tag_id` bigint NOT NULL COMMENT '标签主键',
  `tag_name` varchar(30) CHARACTER SET utf8 COLLATE utf8_general_ci NOT NULL COMMENT '标签名',
  `description` varchar(300) DEFAULT NULL COMMENT '描述',
  `status` char(1) CHARACTER SET utf8 COLLATE utf8_general_ci DEFAULT '0' COMMENT '状态（0正常 1停用）',
  `del_flag` bit(1) DEFAULT b'0' COMMENT '逻辑删除(1:已删除，0:未删除)',
  `create_time` datetime DEFAULT CURRENT_TIMESTAMP COMMENT '创建时间',
  `create_user` bigint DEFAULT NULL COMMENT '创建人',
  `update_time` datetime DEFAULT CURRENT_TIMESTAMP ON UPDATE CURRENT_TIMESTAMP COMMENT '更新时间',
  `update_user` bigint DEFAULT NULL COMMENT '更新人',
  PRIMARY KEY (`tag_id`) USING BTREE
) ENGINE=InnoDB DEFAULT CHARSET=utf8mb3;

-- ----------------------------
-- Records of campus_tag
-- ----------------------------
BEGIN;
INSERT INTO `campus_tag` (`tag_id`, `tag_name`, `description`, `status`, `del_flag`, `create_time`, `create_user`, `update_time`, `update_user`) VALUES (1, '测试标签', '测试', '0', b'0', '2022-11-29 20:03:08', 1, '2022-12-01 18:16:16', NULL);
INSERT INTO `campus_tag` (`tag_id`, `tag_name`, `description`, `status`, `del_flag`, `create_time`, `create_user`, `update_time`, `update_user`) VALUES (2, '梅西', '利昂内尔·梅西（Lionel Messi）\n全名利昂内尔·安德烈斯·梅西·库西蒂尼（Lionel Andrés Messi Cuccitini）\n昵称莱奥·梅西（Leo Messi）', '0', b'0', '2022-11-29 20:03:28', 1, '2023-01-16 20:38:34', 1);
INSERT INTO `campus_tag` (`tag_id`, `tag_name`, `description`, `status`, `del_flag`, `create_time`, `create_user`, `update_time`, `update_user`) VALUES (3, '蔡徐坤', '中国内地男歌手、演员、原创音乐制作人、MV导演', '0', b'0', '2023-01-16 20:12:20', 1, '2023-01-16 20:13:54', 1);
COMMIT;

-- ----------------------------
-- Table structure for social_user
-- ----------------------------
DROP TABLE IF EXISTS `social_user`;
CREATE TABLE `social_user` (
  `social_user_id` bigint NOT NULL AUTO_INCREMENT COMMENT '社会化用户表id\n',
  `uuid` varchar(255) DEFAULT NULL COMMENT '第三方系统的唯一ID',
  `source` varchar(255) DEFAULT NULL COMMENT '第三方用户来源',
  PRIMARY KEY (`social_user_id`)
) ENGINE=InnoDB AUTO_INCREMENT=1633794905828511747 DEFAULT CHARSET=utf8 COLLATE=utf8_general_ci COMMENT='社会化用户表\n';

-- ----------------------------
-- Records of social_user
-- ----------------------------
BEGIN;
INSERT INTO `social_user` (`social_user_id`, `uuid`, `source`) VALUES (1633794905828511746, 'okhHa4h4tIoygJFw3MV196_iTTck', 'WXAMP');
COMMIT;

-- ----------------------------
-- Table structure for social_user_auth
-- ----------------------------
DROP TABLE IF EXISTS `social_user_auth`;
CREATE TABLE `social_user_auth` (
  `user_id` bigint DEFAULT NULL,
  `social_user_id` bigint DEFAULT NULL
) ENGINE=InnoDB DEFAULT CHARSET=utf8 COLLATE=utf8_general_ci;

-- ----------------------------
-- Records of social_user_auth
-- ----------------------------
BEGIN;
INSERT INTO `social_user_auth` (`user_id`, `social_user_id`) VALUES (1633794905656545282, 1633794905828511746);
COMMIT;

-- ----------------------------
-- Table structure for sys_config
-- ----------------------------
DROP TABLE IF EXISTS `sys_config`;
CREATE TABLE `sys_config` (
  `config_id` bigint NOT NULL AUTO_INCREMENT COMMENT '参数主键',
  `config_name` varchar(100) DEFAULT '' COMMENT '参数名称',
  `config_key` varchar(100) DEFAULT '' COMMENT '参数键名',
  `config_value` varchar(500) DEFAULT '' COMMENT '参数键值',
  `config_type` char(1) DEFAULT 'N' COMMENT '系统内置（Y是 N否）',
  `group_code` varchar(100) DEFAULT NULL COMMENT '所属分类的编码',
  `remark` varchar(500) DEFAULT NULL COMMENT '备注',
  `del_flag` bit(1) DEFAULT b'0' COMMENT '逻辑删除(1:已删除，0:未删除)',
  `create_time` datetime DEFAULT CURRENT_TIMESTAMP COMMENT '创建时间',
  `create_user` bigint DEFAULT NULL COMMENT '创建人',
  `update_time` datetime DEFAULT CURRENT_TIMESTAMP ON UPDATE CURRENT_TIMESTAMP COMMENT '更新时间',
  `update_user` bigint DEFAULT NULL COMMENT '更新人',
  PRIMARY KEY (`config_id`)
) ENGINE=InnoDB AUTO_INCREMENT=1621419076555640835 DEFAULT CHARSET=utf8mb3 COMMENT='参数配置表';

-- ----------------------------
-- Records of sys_config
-- ----------------------------
BEGIN;
INSERT INTO `sys_config` (`config_id`, `config_name`, `config_key`, `config_value`, `config_type`, `group_code`, `remark`, `del_flag`, `create_time`, `create_user`, `update_time`, `update_user`) VALUES (1, 'Mac本地文件路径', 'sys.local.profile.mac', '~/uploadPath', 'Y', 'file_config', NULL, b'0', '2022-11-10 14:06:44', 1, '2022-11-10 14:07:49', NULL);
INSERT INTO `sys_config` (`config_id`, `config_name`, `config_key`, `config_value`, `config_type`, `group_code`, `remark`, `del_flag`, `create_time`, `create_user`, `update_time`, `update_user`) VALUES (2, 'Linux本地文件路径', 'sys.local.profile.linux', '/data/uploadPath', 'Y', 'file_config', NULL, b'0', '2022-01-14 10:59:39', NULL, '2022-01-16 14:11:53', 1);
INSERT INTO `sys_config` (`config_id`, `config_name`, `config_key`, `config_value`, `config_type`, `group_code`, `remark`, `del_flag`, `create_time`, `create_user`, `update_time`, `update_user`) VALUES (3, 'Windows本地文件路径', 'sys.local.profile.win', 'D:\\uploadPath', 'Y', 'file_config', NULL, b'0', '2022-01-14 11:00:39', NULL, '2022-01-16 14:11:53', 1);
INSERT INTO `sys_config` (`config_id`, `config_name`, `config_key`, `config_value`, `config_type`, `group_code`, `remark`, `del_flag`, `create_time`, `create_user`, `update_time`, `update_user`) VALUES (4, '默认存储文件的bucket名称', 'sys.file.default.bucket', 'defaultBucket', 'Y', 'file_config', NULL, b'0', '2022-01-14 11:03:10', NULL, '2022-01-16 14:11:54', NULL);
INSERT INTO `sys_config` (`config_id`, `config_name`, `config_key`, `config_value`, `config_type`, `group_code`, `remark`, `del_flag`, `create_time`, `create_user`, `update_time`, `update_user`) VALUES (5, '文件默认部署的环境地址', 'sys.server.deploy.host', 'http://localhost:8160', 'Y', 'file_config', NULL, b'0', '2022-01-16 14:11:45', NULL, '2022-01-16 14:18:55', NULL);
INSERT INTO `sys_config` (`config_id`, `config_name`, `config_key`, `config_value`, `config_type`, `group_code`, `remark`, `del_flag`, `create_time`, `create_user`, `update_time`, `update_user`) VALUES (6, '文件访问是否用nginx映射', 'sys.file.visit.nginx', 'false', 'Y', 'file_config', 'true真，false假', b'0', '2022-01-16 14:40:00', NULL, '2022-01-16 14:40:20', NULL);
INSERT INTO `sys_config` (`config_id`, `config_name`, `config_key`, `config_value`, `config_type`, `group_code`, `remark`, `del_flag`, `create_time`, `create_user`, `update_time`, `update_user`) VALUES (7, '信息墙删除且对应文件也删除', 'sys.file.is.delete', 'false', 'Y', 'file_config', 'true墙和文件都删除，false文件转移到别的目录', b'0', '2022-01-17 14:29:11', NULL, '2022-01-18 15:02:14', NULL);
INSERT INTO `sys_config` (`config_id`, `config_name`, `config_key`, `config_value`, `config_type`, `group_code`, `remark`, `del_flag`, `create_time`, `create_user`, `update_time`, `update_user`) VALUES (8, '文件默认转移的bucket名称', 'sys.file.move.default.bucket', 'moveBucket', 'Y', 'file_config', NULL, b'0', '2022-01-17 14:31:05', NULL, '2022-01-18 15:09:48', NULL);
INSERT INTO `sys_config` (`config_id`, `config_name`, `config_key`, `config_value`, `config_type`, `group_code`, `remark`, `del_flag`, `create_time`, `create_user`, `update_time`, `update_user`) VALUES (101, '阿里云邮件服务accessKeyId', 'sys.aliyun.mail.accessKeyId', '', 'Y', 'mail_config', NULL, b'0', '2022-01-19 10:04:08', NULL, '2022-01-19 10:49:30', NULL);
INSERT INTO `sys_config` (`config_id`, `config_name`, `config_key`, `config_value`, `config_type`, `group_code`, `remark`, `del_flag`, `create_time`, `create_user`, `update_time`, `update_user`) VALUES (102, '阿里云邮件服务accessKeySecret', 'sys.aliyun.mail.accessKeySecret', '', 'Y', 'mail_config', NULL, b'0', '2022-01-19 10:07:28', NULL, '2022-01-19 10:49:31', NULL);
INSERT INTO `sys_config` (`config_id`, `config_name`, `config_key`, `config_value`, `config_type`, `group_code`, `remark`, `del_flag`, `create_time`, `create_user`, `update_time`, `update_user`) VALUES (113, 'smtp服务器地址', 'sys.email.smtp.host', 'smtp.qq.com', 'Y', 'mail_config', NULL, b'0', '2022-01-19 10:33:50', NULL, '2022-01-24 11:28:13', NULL);
INSERT INTO `sys_config` (`config_id`, `config_name`, `config_key`, `config_value`, `config_type`, `group_code`, `remark`, `del_flag`, `create_time`, `create_user`, `update_time`, `update_user`) VALUES (114, 'smtp服务端口', 'sys.email.smtp.port', '465', 'Y', 'mail_config', NULL, b'0', '2022-01-19 10:35:29', NULL, '2022-01-24 11:28:14', NULL);
INSERT INTO `sys_config` (`config_id`, `config_name`, `config_key`, `config_value`, `config_type`, `group_code`, `remark`, `del_flag`, `create_time`, `create_user`, `update_time`, `update_user`) VALUES (115, '邮箱的发送方邮箱', 'sys.email.send.account', '3066693006@qq.com', 'Y', 'mail_config', NULL, b'0', '2022-01-19 10:38:17', NULL, '2022-01-24 11:28:15', NULL);
INSERT INTO `sys_config` (`config_id`, `config_name`, `config_key`, `config_value`, `config_type`, `group_code`, `remark`, `del_flag`, `create_time`, `create_user`, `update_time`, `update_user`) VALUES (116, '邮箱的密码或者授权码', 'sys.email.password', 'qiwoefvuklkkddej', 'Y', 'mail_config', NULL, b'0', '2022-01-19 10:07:31', NULL, '2022-01-19 12:02:57', 1);
INSERT INTO `sys_config` (`config_id`, `config_name`, `config_key`, `config_value`, `config_type`, `group_code`, `remark`, `del_flag`, `create_time`, `create_user`, `update_time`, `update_user`) VALUES (117, '邮箱发送时的用户名', 'sys.email.name', '致远', 'Y', 'mail_config', NULL, b'0', '2022-01-19 11:10:47', NULL, '2022-01-24 11:28:19', NULL);
INSERT INTO `sys_config` (`config_id`, `config_name`, `config_key`, `config_value`, `config_type`, `group_code`, `remark`, `del_flag`, `create_time`, `create_user`, `update_time`, `update_user`) VALUES (202, '用户默认头像', 'sys.user.default.avatar', 'https://www.hualigs.cn/image/641fdd4dac243.jpg', 'Y', 'sys_config', NULL, b'0', '2022-02-08 11:35:31', NULL, '2022-02-08 11:40:15', 1);
INSERT INTO `sys_config` (`config_id`, `config_name`, `config_key`, `config_value`, `config_type`, `group_code`, `remark`, `del_flag`, `create_time`, `create_user`, `update_time`, `update_user`) VALUES (206, '用户管理-账号初始密码', 'sys.user.initPassword', '123456', 'Y', 'sys_config', '初始化密码 123456', b'0', '2022-11-09 01:41:52', 1, '2022-11-09 15:42:09', NULL);
INSERT INTO `sys_config` (`config_id`, `config_name`, `config_key`, `config_value`, `config_type`, `group_code`, `remark`, `del_flag`, `create_time`, `create_user`, `update_time`, `update_user`) VALUES (300, '验证码类型', 'sys.login.captchaType', 'math', 'Y', 'sys_config', 'math 数组计算 char 字符验证', b'0', '2022-11-10 09:32:40', 1, '2022-11-30 12:14:30', NULL);
INSERT INTO `sys_config` (`config_id`, `config_name`, `config_key`, `config_value`, `config_type`, `group_code`, `remark`, `del_flag`, `create_time`, `create_user`, `update_time`, `update_user`) VALUES (301, '账号自助-验证码开关', 'sys.account.captchaEnabled', 'true', 'Y', 'sys_config', '是否开启验证码功能（true开启，false关闭）', b'0', '2023-02-01 21:48:05', 1, '2023-02-01 21:48:34', NULL);
INSERT INTO `sys_config` (`config_id`, `config_name`, `config_key`, `config_value`, `config_type`, `group_code`, `remark`, `del_flag`, `create_time`, `create_user`, `update_time`, `update_user`) VALUES (302, '账号自助-是否开启用户注册功能', 'sys.account.registerUser', 'true', 'Y', 'sys_config', '是否开启注册用户功能（true开启，false关闭）', b'0', '2023-02-01 21:47:39', 1, '2023-02-01 21:48:31', NULL);
INSERT INTO `sys_config` (`config_id`, `config_name`, `config_key`, `config_value`, `config_type`, `group_code`, `remark`, `del_flag`, `create_time`, `create_user`, `update_time`, `update_user`) VALUES (1621419076555640833, '绑定邮箱模板', 'campus.mail.bindTemplate', '<h3>您好，#{[userName]}</h3><br />请在#{[expiration]}分内点击以下链接完成邮箱验证<br /><a href=\"#{[url]}\">#{[url]}</a>', 'Y', 'campus_config', '#{[userName]}用户，#{[url]}邮箱验证的链接，#{[expiration]}，有效期', b'0', '2023-02-03 16:03:27', 1, '2023-02-03 16:03:27', 1);
INSERT INTO `sys_config` (`config_id`, `config_name`, `config_key`, `config_value`, `config_type`, `group_code`, `remark`, `del_flag`, `create_time`, `create_user`, `update_time`, `update_user`) VALUES (1621419076555640834, '用户匿名头像', 'campus.user.anonymous.image', 'https://www.hualigs.cn/image/641fdd4dace6e.jpg', 'Y', 'campus_config', NULL, b'0', '2022-02-08 11:36:36', NULL, '2023-02-21 08:33:07', 1);
COMMIT;

-- ----------------------------
-- Table structure for sys_dict_data
-- ----------------------------
DROP TABLE IF EXISTS `sys_dict_data`;
CREATE TABLE `sys_dict_data` (
  `dict_code` bigint NOT NULL AUTO_INCREMENT COMMENT '字典编码',
  `dict_sort` int DEFAULT '0' COMMENT '字典排序',
  `dict_label` varchar(100) DEFAULT '' COMMENT '字典标签',
  `dict_value` varchar(100) DEFAULT '' COMMENT '字典键值',
  `dict_type` varchar(100) DEFAULT '' COMMENT '字典类型',
  `css_class` varchar(100) DEFAULT NULL COMMENT '样式属性（其他样式扩展）',
  `list_class` varchar(100) DEFAULT NULL COMMENT '表格回显样式',
  `is_default` char(1) DEFAULT 'N' COMMENT '是否默认（Y是 N否）',
  `status` char(1) DEFAULT '0' COMMENT '状态（0正常 1停用）',
  `remark` varchar(500) DEFAULT NULL COMMENT '备注',
  `create_time` datetime DEFAULT CURRENT_TIMESTAMP COMMENT '创建时间',
  `create_user` bigint DEFAULT NULL COMMENT '创建者',
  `update_time` datetime DEFAULT CURRENT_TIMESTAMP COMMENT '更新时间',
  `update_user` bigint DEFAULT NULL COMMENT '更新者',
  `del_flag` bit(1) DEFAULT b'0' COMMENT '逻辑删除(1:已删除，0:未删除)',
  PRIMARY KEY (`dict_code`)
) ENGINE=InnoDB AUTO_INCREMENT=1621418087714918402 DEFAULT CHARSET=utf8 COLLATE=utf8_general_ci COMMENT='字典数据表';

-- ----------------------------
-- Records of sys_dict_data
-- ----------------------------
BEGIN;
INSERT INTO `sys_dict_data` (`dict_code`, `dict_sort`, `dict_label`, `dict_value`, `dict_type`, `css_class`, `list_class`, `is_default`, `status`, `remark`, `create_time`, `create_user`, `update_time`, `update_user`, `del_flag`) VALUES (1, 1, '男', '0', 'sys_user_sex', NULL, 'default', 'Y', '0', '性别男', NULL, NULL, NULL, NULL, b'0');
INSERT INTO `sys_dict_data` (`dict_code`, `dict_sort`, `dict_label`, `dict_value`, `dict_type`, `css_class`, `list_class`, `is_default`, `status`, `remark`, `create_time`, `create_user`, `update_time`, `update_user`, `del_flag`) VALUES (2, 2, '女', '1', 'sys_user_sex', NULL, 'default', 'N', '0', '性别女', NULL, NULL, NULL, NULL, b'0');
INSERT INTO `sys_dict_data` (`dict_code`, `dict_sort`, `dict_label`, `dict_value`, `dict_type`, `css_class`, `list_class`, `is_default`, `status`, `remark`, `create_time`, `create_user`, `update_time`, `update_user`, `del_flag`) VALUES (3, 1, '是', 'Y', 'sys_yes_no', NULL, 'success', 'N', '0', NULL, '2022-11-06 06:37:31', 1, '2022-11-06 06:39:34', 1, b'0');
INSERT INTO `sys_dict_data` (`dict_code`, `dict_sort`, `dict_label`, `dict_value`, `dict_type`, `css_class`, `list_class`, `is_default`, `status`, `remark`, `create_time`, `create_user`, `update_time`, `update_user`, `del_flag`) VALUES (4, 2, '否', 'N', 'sys_yes_no', NULL, 'danger', 'N', '0', NULL, '2022-11-06 06:37:42', 1, '2022-11-06 06:39:34', 1, b'0');
INSERT INTO `sys_dict_data` (`dict_code`, `dict_sort`, `dict_label`, `dict_value`, `dict_type`, `css_class`, `list_class`, `is_default`, `status`, `remark`, `create_time`, `create_user`, `update_time`, `update_user`, `del_flag`) VALUES (6, 1, '正常', '0', 'sys_normal_disable', NULL, 'primary', 'Y', '0', '正常状态', NULL, NULL, NULL, NULL, b'0');
INSERT INTO `sys_dict_data` (`dict_code`, `dict_sort`, `dict_label`, `dict_value`, `dict_type`, `css_class`, `list_class`, `is_default`, `status`, `remark`, `create_time`, `create_user`, `update_time`, `update_user`, `del_flag`) VALUES (7, 2, '停用', '1', 'sys_normal_disable', NULL, 'danger', 'N', '0', '停用状态', NULL, NULL, NULL, NULL, b'0');
INSERT INTO `sys_dict_data` (`dict_code`, `dict_sort`, `dict_label`, `dict_value`, `dict_type`, `css_class`, `list_class`, `is_default`, `status`, `remark`, `create_time`, `create_user`, `update_time`, `update_user`, `del_flag`) VALUES (41, 1, '显示', '0', 'sys_show_hide', NULL, 'primary', 'N', '0', '显示菜单', '2022-12-26 21:49:47', 1, '2022-12-26 21:49:47', NULL, b'0');
INSERT INTO `sys_dict_data` (`dict_code`, `dict_sort`, `dict_label`, `dict_value`, `dict_type`, `css_class`, `list_class`, `is_default`, `status`, `remark`, `create_time`, `create_user`, `update_time`, `update_user`, `del_flag`) VALUES (42, 2, '隐藏', '1', 'sys_show_hide', NULL, 'danger', 'N', '0', '隐藏菜单', '2022-12-26 21:50:10', 1, '2022-12-26 21:50:10', NULL, b'0');
INSERT INTO `sys_dict_data` (`dict_code`, `dict_sort`, `dict_label`, `dict_value`, `dict_type`, `css_class`, `list_class`, `is_default`, `status`, `remark`, `create_time`, `create_user`, `update_time`, `update_user`, `del_flag`) VALUES (101, 1, '系统配置', 'sys_config', 'sys_config_group', NULL, 'primary', 'N', '0', '配置群组的系统配置', '2022-11-06 19:27:23', NULL, '2022-11-06 06:07:20', 1, b'0');
INSERT INTO `sys_dict_data` (`dict_code`, `dict_sort`, `dict_label`, `dict_value`, `dict_type`, `css_class`, `list_class`, `is_default`, `status`, `remark`, `create_time`, `create_user`, `update_time`, `update_user`, `del_flag`) VALUES (102, 2, '邮件配置', 'mail_config', 'sys_config_group', NULL, 'primary', 'N', '0', NULL, '2022-11-06 05:38:04', 1, '2022-11-06 06:07:20', 1, b'0');
INSERT INTO `sys_dict_data` (`dict_code`, `dict_sort`, `dict_label`, `dict_value`, `dict_type`, `css_class`, `list_class`, `is_default`, `status`, `remark`, `create_time`, `create_user`, `update_time`, `update_user`, `del_flag`) VALUES (103, 3, '文件配置', 'file_config', 'sys_config_group', NULL, 'primary', 'N', '0', NULL, '2022-11-06 06:32:45', 1, '2022-11-06 20:32:44', 1, b'0');
INSERT INTO `sys_dict_data` (`dict_code`, `dict_sort`, `dict_label`, `dict_value`, `dict_type`, `css_class`, `list_class`, `is_default`, `status`, `remark`, `create_time`, `create_user`, `update_time`, `update_user`, `del_flag`) VALUES (1597931830248570882, 1, '审核', '0', 'campus_content_status', NULL, 'warning', 'N', '0', NULL, '2022-11-30 20:33:31', 1, '2022-11-30 20:33:31', 1, b'0');
INSERT INTO `sys_dict_data` (`dict_code`, `dict_sort`, `dict_label`, `dict_value`, `dict_type`, `css_class`, `list_class`, `is_default`, `status`, `remark`, `create_time`, `create_user`, `update_time`, `update_user`, `del_flag`) VALUES (1597931939476635650, 2, '正常', '1', 'campus_content_status', NULL, 'success', 'N', '0', NULL, '2022-11-30 20:33:57', 1, '2022-11-30 20:33:57', 1, b'0');
INSERT INTO `sys_dict_data` (`dict_code`, `dict_sort`, `dict_label`, `dict_value`, `dict_type`, `css_class`, `list_class`, `is_default`, `status`, `remark`, `create_time`, `create_user`, `update_time`, `update_user`, `del_flag`) VALUES (1597932004085694466, 3, '下架', '2', 'campus_content_status', NULL, 'danger', 'N', '0', NULL, '2022-11-30 20:34:13', 1, '2022-11-30 20:34:12', 1, b'0');
INSERT INTO `sys_dict_data` (`dict_code`, `dict_sort`, `dict_label`, `dict_value`, `dict_type`, `css_class`, `list_class`, `is_default`, `status`, `remark`, `create_time`, `create_user`, `update_time`, `update_user`, `del_flag`) VALUES (1597932393732341761, 1, '不匿', '0', 'campus_anonymous', NULL, 'primary', 'N', '0', NULL, '2022-11-30 20:35:45', 1, '2022-11-30 20:35:45', NULL, b'0');
INSERT INTO `sys_dict_data` (`dict_code`, `dict_sort`, `dict_label`, `dict_value`, `dict_type`, `css_class`, `list_class`, `is_default`, `status`, `remark`, `create_time`, `create_user`, `update_time`, `update_user`, `del_flag`) VALUES (1597932469577940994, 2, '匿名', '1', 'campus_anonymous', NULL, 'primary', 'N', '0', NULL, '2022-11-30 20:36:04', 1, '2022-11-30 20:36:03', NULL, b'0');
INSERT INTO `sys_dict_data` (`dict_code`, `dict_sort`, `dict_label`, `dict_value`, `dict_type`, `css_class`, `list_class`, `is_default`, `status`, `remark`, `create_time`, `create_user`, `update_time`, `update_user`, `del_flag`) VALUES (1599392185411743745, 0, '文字', '0', 'campus_content_type', NULL, 'primary', 'N', '0', '', '2022-12-04 21:16:27', 1, '2022-12-04 21:16:26', 1, b'0');
INSERT INTO `sys_dict_data` (`dict_code`, `dict_sort`, `dict_label`, `dict_value`, `dict_type`, `css_class`, `list_class`, `is_default`, `status`, `remark`, `create_time`, `create_user`, `update_time`, `update_user`, `del_flag`) VALUES (1599392255200768001, 2, '图片', '1', 'campus_content_type', NULL, 'success', 'N', '0', NULL, '2022-12-04 21:16:44', 1, '2022-12-04 21:16:43', 1, b'0');
INSERT INTO `sys_dict_data` (`dict_code`, `dict_sort`, `dict_label`, `dict_value`, `dict_type`, `css_class`, `list_class`, `is_default`, `status`, `remark`, `create_time`, `create_user`, `update_time`, `update_user`, `del_flag`) VALUES (1599392552258154497, 3, '视频', '2', 'campus_content_type', NULL, 'info', 'N', '0', NULL, '2022-12-04 21:17:54', 1, '2022-12-04 21:17:54', 1, b'0');
INSERT INTO `sys_dict_data` (`dict_code`, `dict_sort`, `dict_label`, `dict_value`, `dict_type`, `css_class`, `list_class`, `is_default`, `status`, `remark`, `create_time`, `create_user`, `update_time`, `update_user`, `del_flag`) VALUES (1609558539133521922, 4, '拒绝', '3', 'campus_content_status', NULL, 'danger', 'N', '0', '审核不通过', '2023-01-01 22:33:55', 1, '2023-01-01 22:33:54', 1, b'0');
INSERT INTO `sys_dict_data` (`dict_code`, `dict_sort`, `dict_label`, `dict_value`, `dict_type`, `css_class`, `list_class`, `is_default`, `status`, `remark`, `create_time`, `create_user`, `update_time`, `update_user`, `del_flag`) VALUES (1621418087714918401, 10, 'campus配置', 'campus_config', 'sys_config_group', NULL, 'primary', 'N', '0', NULL, '2023-02-03 15:59:31', 1, '2023-02-03 15:59:31', NULL, b'0');
COMMIT;

-- ----------------------------
-- Table structure for sys_dict_type
-- ----------------------------
DROP TABLE IF EXISTS `sys_dict_type`;
CREATE TABLE `sys_dict_type` (
  `dict_id` bigint NOT NULL AUTO_INCREMENT COMMENT '字典主键',
  `dict_name` varchar(100) DEFAULT '' COMMENT '字典名称',
  `dict_type` varchar(100) DEFAULT '' COMMENT '字典类型',
  `status` char(1) DEFAULT '0' COMMENT '状态（0正常 1停用）',
  `remark` varchar(500) CHARACTER SET utf8 COLLATE utf8_general_ci DEFAULT NULL COMMENT '备注',
  `create_time` datetime DEFAULT CURRENT_TIMESTAMP COMMENT '创建时间',
  `create_user` bigint DEFAULT NULL COMMENT '创建者',
  `update_time` datetime DEFAULT CURRENT_TIMESTAMP COMMENT '更新时间',
  `update_user` bigint DEFAULT NULL COMMENT '更新者',
  `del_flag` bit(1) DEFAULT b'0' COMMENT '逻辑删除(1:已删除，0:未删除)',
  PRIMARY KEY (`dict_id`),
  UNIQUE KEY `dict_type` (`dict_type`)
) ENGINE=InnoDB AUTO_INCREMENT=1607372974271246338 DEFAULT CHARSET=utf8 COLLATE=utf8_general_ci COMMENT='字典类型表';

-- ----------------------------
-- Records of sys_dict_type
-- ----------------------------
BEGIN;
INSERT INTO `sys_dict_type` (`dict_id`, `dict_name`, `dict_type`, `status`, `remark`, `create_time`, `create_user`, `update_time`, `update_user`, `del_flag`) VALUES (1, '用户性别', 'sys_user_sex', '0', '用户性别列表', '2023-03-09 17:31:52', NULL, '2022-11-06 01:10:21', 1, b'0');
INSERT INTO `sys_dict_type` (`dict_id`, `dict_name`, `dict_type`, `status`, `remark`, `create_time`, `create_user`, `update_time`, `update_user`, `del_flag`) VALUES (2, '系统是否', 'sys_yes_no', '0', '系统是否列表', '2022-11-06 06:37:05', 1, '2022-11-06 20:37:04', 1, b'0');
INSERT INTO `sys_dict_type` (`dict_id`, `dict_name`, `dict_type`, `status`, `remark`, `create_time`, `create_user`, `update_time`, `update_user`, `del_flag`) VALUES (3, '系统开关', 'sys_normal_disable', '0', '系统开关列表', '2023-03-09 17:31:55', NULL, NULL, NULL, b'0');
INSERT INTO `sys_dict_type` (`dict_id`, `dict_name`, `dict_type`, `status`, `remark`, `create_time`, `create_user`, `update_time`, `update_user`, `del_flag`) VALUES (4, '菜单状态', 'sys_show_hide', '0', '菜单状态列表', '2022-12-26 21:49:15', 1, '2022-12-26 21:49:15', NULL, b'0');
INSERT INTO `sys_dict_type` (`dict_id`, `dict_name`, `dict_type`, `status`, `remark`, `create_time`, `create_user`, `update_time`, `update_user`, `del_flag`) VALUES (101, '配置群组', 'sys_config_group', '0', '配置群组', '2022-11-06 05:32:37', 1, '2022-11-06 19:32:37', 1, b'0');
INSERT INTO `sys_dict_type` (`dict_id`, `dict_name`, `dict_type`, `status`, `remark`, `create_time`, `create_user`, `update_time`, `update_user`, `del_flag`) VALUES (1597931685624774657, 'HelpEasePro内容状态', 'campus_content_status', '0', 'HelpEasePro内容状态', '2022-11-30 20:32:57', 1, '2022-11-30 20:32:56', NULL, b'0');
INSERT INTO `sys_dict_type` (`dict_id`, `dict_name`, `dict_type`, `status`, `remark`, `create_time`, `create_user`, `update_time`, `update_user`, `del_flag`) VALUES (1597932303005351938, '是否匿名', 'campus_anonymous', '0', 'HelpEasePro信息墙是否匿名', '2022-11-30 20:35:24', 1, '2022-11-30 20:35:23', NULL, b'0');
INSERT INTO `sys_dict_type` (`dict_id`, `dict_name`, `dict_type`, `status`, `remark`, `create_time`, `create_user`, `update_time`, `update_user`, `del_flag`) VALUES (1599392072043900930, 'HelpEasePro内类型', 'campus_content_type', '0', '0文字,1图片,2视频', '2022-12-04 21:16:00', 1, '2022-12-04 21:15:59', NULL, b'0');
COMMIT;

-- ----------------------------
-- Table structure for sys_menu
-- ----------------------------
DROP TABLE IF EXISTS `sys_menu`;
CREATE TABLE `sys_menu` (
  `menu_id` bigint NOT NULL AUTO_INCREMENT COMMENT '菜单ID',
  `menu_name` varchar(50) NOT NULL COMMENT '菜单名称',
  `parent_id` bigint DEFAULT '0' COMMENT '父菜单ID',
  `order_num` int DEFAULT '0' COMMENT '显示顺序',
  `path` varchar(200) DEFAULT '' COMMENT '路由地址',
  `component` varchar(255) DEFAULT NULL COMMENT '组件路径',
  `query` varchar(255) DEFAULT NULL COMMENT '路由参数',
  `is_frame` int DEFAULT '1' COMMENT '是否为外链（0是 1否）',
  `is_cache` int DEFAULT '0' COMMENT '是否缓存（0缓存 1不缓存）',
  `menu_type` char(1) DEFAULT '' COMMENT '菜单类型（M目录 C菜单 F按钮）',
  `visible` char(1) DEFAULT '0' COMMENT '菜单状态（0显示 1隐藏）',
  `status` char(1) DEFAULT '0' COMMENT '菜单状态（0正常 1停用）',
  `perms` varchar(100) DEFAULT NULL COMMENT '权限标识',
  `icon` varchar(100) DEFAULT '#' COMMENT '菜单图标',
  `remark` varchar(500) CHARACTER SET utf8 COLLATE utf8_general_ci DEFAULT '' COMMENT '备注',
  `del_flag` bit(1) DEFAULT NULL COMMENT '逻辑删除(1:已删除，0:未删除)',
  `create_time` datetime DEFAULT CURRENT_TIMESTAMP COMMENT '创建时间',
  `update_user` bigint DEFAULT NULL COMMENT '更新者',
  `update_time` datetime DEFAULT CURRENT_TIMESTAMP COMMENT '更新时间',
  `create_user` bigint DEFAULT NULL COMMENT '创建者',
  PRIMARY KEY (`menu_id`)
) ENGINE=InnoDB AUTO_INCREMENT=1597931148678365187 DEFAULT CHARSET=utf8 COLLATE=utf8_general_ci COMMENT='菜单权限表';

-- ----------------------------
-- Records of sys_menu
-- ----------------------------
BEGIN;
INSERT INTO `sys_menu` (`menu_id`, `menu_name`, `parent_id`, `order_num`, `path`, `component`, `query`, `is_frame`, `is_cache`, `menu_type`, `visible`, `status`, `perms`, `icon`, `remark`, `del_flag`, `create_time`, `update_user`, `update_time`, `create_user`) VALUES (1, '系统管理', 0, 1, 'system', NULL, '', 1, 0, 'M', '0', '0', '', 'system', '系统管理目录', b'0', '2022-10-05 15:28:43', 1, '2022-11-14 14:41:50', NULL);
INSERT INTO `sys_menu` (`menu_id`, `menu_name`, `parent_id`, `order_num`, `path`, `component`, `query`, `is_frame`, `is_cache`, `menu_type`, `visible`, `status`, `perms`, `icon`, `remark`, `del_flag`, `create_time`, `update_user`, `update_time`, `create_user`) VALUES (3, '系统工具', 0, 3, 'tool', NULL, '', 1, 0, 'M', '0', '0', '', 'tool', '系统工具目录', b'0', '2022-10-05 15:28:43', NULL, NULL, NULL);
INSERT INTO `sys_menu` (`menu_id`, `menu_name`, `parent_id`, `order_num`, `path`, `component`, `query`, `is_frame`, `is_cache`, `menu_type`, `visible`, `status`, `perms`, `icon`, `remark`, `del_flag`, `create_time`, `update_user`, `update_time`, `create_user`) VALUES (4, 'App管理', 0, 10, 'http://localhost:9527/#/dashboard', NULL, '', 0, 0, 'M', '0', '0', '', 'guide', '若依官网地址', b'0', '2022-10-05 15:28:43', 1, '2022-11-21 17:11:40', NULL);
INSERT INTO `sys_menu` (`menu_id`, `menu_name`, `parent_id`, `order_num`, `path`, `component`, `query`, `is_frame`, `is_cache`, `menu_type`, `visible`, `status`, `perms`, `icon`, `remark`, `del_flag`, `create_time`, `update_user`, `update_time`, `create_user`) VALUES (100, '用户管理', 1, 1, 'user', 'system/user/index', '', 1, 0, 'C', '0', '0', 'system:user:list', 'user', '用户管理菜单', b'0', '2022-10-05 15:28:43', NULL, NULL, NULL);
INSERT INTO `sys_menu` (`menu_id`, `menu_name`, `parent_id`, `order_num`, `path`, `component`, `query`, `is_frame`, `is_cache`, `menu_type`, `visible`, `status`, `perms`, `icon`, `remark`, `del_flag`, `create_time`, `update_user`, `update_time`, `create_user`) VALUES (101, '角色管理', 1, 2, 'role', 'system/role/index', '', 1, 0, 'C', '0', '0', 'system:role:list', 'peoples', '角色管理菜单', b'0', '2022-10-05 15:28:43', NULL, NULL, NULL);
INSERT INTO `sys_menu` (`menu_id`, `menu_name`, `parent_id`, `order_num`, `path`, `component`, `query`, `is_frame`, `is_cache`, `menu_type`, `visible`, `status`, `perms`, `icon`, `remark`, `del_flag`, `create_time`, `update_user`, `update_time`, `create_user`) VALUES (102, '菜单管理', 1, 3, 'menu', 'system/menu/index', '', 1, 0, 'C', '0', '0', 'system:menu:list', 'tree-table', '菜单管理菜单', b'0', '2022-10-05 15:28:43', NULL, NULL, NULL);
INSERT INTO `sys_menu` (`menu_id`, `menu_name`, `parent_id`, `order_num`, `path`, `component`, `query`, `is_frame`, `is_cache`, `menu_type`, `visible`, `status`, `perms`, `icon`, `remark`, `del_flag`, `create_time`, `update_user`, `update_time`, `create_user`) VALUES (103, '部门管理', 1, 4, 'dept', 'system/dept/index', '', 1, 0, 'C', '0', '0', 'system:dept:list', 'tree', '部门管理菜单', b'1', '2022-10-05 15:28:43', NULL, NULL, NULL);
INSERT INTO `sys_menu` (`menu_id`, `menu_name`, `parent_id`, `order_num`, `path`, `component`, `query`, `is_frame`, `is_cache`, `menu_type`, `visible`, `status`, `perms`, `icon`, `remark`, `del_flag`, `create_time`, `update_user`, `update_time`, `create_user`) VALUES (104, '岗位管理', 1, 5, 'post', 'system/post/index', '', 1, 0, 'C', '0', '0', 'system:post:list', 'post', '岗位管理菜单', b'1', '2022-10-05 15:28:43', NULL, NULL, NULL);
INSERT INTO `sys_menu` (`menu_id`, `menu_name`, `parent_id`, `order_num`, `path`, `component`, `query`, `is_frame`, `is_cache`, `menu_type`, `visible`, `status`, `perms`, `icon`, `remark`, `del_flag`, `create_time`, `update_user`, `update_time`, `create_user`) VALUES (105, '字典管理', 1, 6, 'dict', 'system/dict/index', '', 1, 0, 'C', '0', '0', 'system:dict:list', 'dict', '字典管理菜单', b'0', '2022-10-05 15:28:43', NULL, NULL, NULL);
INSERT INTO `sys_menu` (`menu_id`, `menu_name`, `parent_id`, `order_num`, `path`, `component`, `query`, `is_frame`, `is_cache`, `menu_type`, `visible`, `status`, `perms`, `icon`, `remark`, `del_flag`, `create_time`, `update_user`, `update_time`, `create_user`) VALUES (106, '参数设置', 1, 7, 'config', 'system/config/index', '', 1, 0, 'C', '0', '0', 'system:config:list', 'edit', '参数设置菜单', b'0', '2022-10-05 15:28:43', NULL, NULL, NULL);
INSERT INTO `sys_menu` (`menu_id`, `menu_name`, `parent_id`, `order_num`, `path`, `component`, `query`, `is_frame`, `is_cache`, `menu_type`, `visible`, `status`, `perms`, `icon`, `remark`, `del_flag`, `create_time`, `update_user`, `update_time`, `create_user`) VALUES (107, '通知公告', 1, 8, 'notice', 'system/notice/index', '', 1, 0, 'C', '0', '0', 'system:notice:list', 'message', '通知公告菜单', b'1', '2022-10-05 15:28:43', NULL, NULL, NULL);
INSERT INTO `sys_menu` (`menu_id`, `menu_name`, `parent_id`, `order_num`, `path`, `component`, `query`, `is_frame`, `is_cache`, `menu_type`, `visible`, `status`, `perms`, `icon`, `remark`, `del_flag`, `create_time`, `update_user`, `update_time`, `create_user`) VALUES (111, '数据监控', 2, 3, 'druid', 'monitor/druid/index', '', 1, 0, 'C', '0', '0', 'monitor:druid:list', 'druid', '数据监控菜单', b'1', '2022-10-05 15:28:43', NULL, NULL, NULL);
INSERT INTO `sys_menu` (`menu_id`, `menu_name`, `parent_id`, `order_num`, `path`, `component`, `query`, `is_frame`, `is_cache`, `menu_type`, `visible`, `status`, `perms`, `icon`, `remark`, `del_flag`, `create_time`, `update_user`, `update_time`, `create_user`) VALUES (112, '服务监控', 2, 4, 'server', 'monitor/server/index', '', 1, 0, 'C', '0', '0', 'monitor:server:list', 'server', '服务监控菜单', b'1', '2022-10-05 15:28:43', NULL, NULL, NULL);
INSERT INTO `sys_menu` (`menu_id`, `menu_name`, `parent_id`, `order_num`, `path`, `component`, `query`, `is_frame`, `is_cache`, `menu_type`, `visible`, `status`, `perms`, `icon`, `remark`, `del_flag`, `create_time`, `update_user`, `update_time`, `create_user`) VALUES (113, '缓存监控', 2, 5, 'cache', 'monitor/cache/index', '', 1, 0, 'C', '0', '0', 'monitor:cache:list', 'redis', '缓存监控菜单', b'1', '2022-10-05 15:28:43', NULL, NULL, NULL);
INSERT INTO `sys_menu` (`menu_id`, `menu_name`, `parent_id`, `order_num`, `path`, `component`, `query`, `is_frame`, `is_cache`, `menu_type`, `visible`, `status`, `perms`, `icon`, `remark`, `del_flag`, `create_time`, `update_user`, `update_time`, `create_user`) VALUES (114, '缓存列表', 2, 6, 'cacheList', 'monitor/cache/list', '', 1, 0, 'C', '0', '0', 'monitor:cache:list', 'redis-list', '缓存列表菜单', b'1', '2022-10-05 15:28:43', NULL, NULL, NULL);
INSERT INTO `sys_menu` (`menu_id`, `menu_name`, `parent_id`, `order_num`, `path`, `component`, `query`, `is_frame`, `is_cache`, `menu_type`, `visible`, `status`, `perms`, `icon`, `remark`, `del_flag`, `create_time`, `update_user`, `update_time`, `create_user`) VALUES (117, '系统接口', 3, 3, 'swagger', 'tool/swagger/index', '', 1, 0, 'C', '0', '0', 'tool:swagger:list', 'swagger', '系统接口菜单', b'0', '2022-10-05 15:28:43', NULL, NULL, NULL);
INSERT INTO `sys_menu` (`menu_id`, `menu_name`, `parent_id`, `order_num`, `path`, `component`, `query`, `is_frame`, `is_cache`, `menu_type`, `visible`, `status`, `perms`, `icon`, `remark`, `del_flag`, `create_time`, `update_user`, `update_time`, `create_user`) VALUES (1000, '用户查询', 100, 1, '', '', '', 1, 0, 'F', '0', '0', 'system:user:query', '#', '', b'0', '2022-10-05 15:28:43', NULL, NULL, NULL);
INSERT INTO `sys_menu` (`menu_id`, `menu_name`, `parent_id`, `order_num`, `path`, `component`, `query`, `is_frame`, `is_cache`, `menu_type`, `visible`, `status`, `perms`, `icon`, `remark`, `del_flag`, `create_time`, `update_user`, `update_time`, `create_user`) VALUES (1001, '用户新增', 100, 2, '', '', '', 1, 0, 'F', '0', '0', 'system:user:add', '#', '', b'0', '2022-10-05 15:28:43', NULL, NULL, NULL);
INSERT INTO `sys_menu` (`menu_id`, `menu_name`, `parent_id`, `order_num`, `path`, `component`, `query`, `is_frame`, `is_cache`, `menu_type`, `visible`, `status`, `perms`, `icon`, `remark`, `del_flag`, `create_time`, `update_user`, `update_time`, `create_user`) VALUES (1002, '用户修改', 100, 3, '', '', '', 1, 0, 'F', '0', '0', 'system:user:edit', '#', '', b'0', '2022-10-05 15:28:43', NULL, NULL, NULL);
INSERT INTO `sys_menu` (`menu_id`, `menu_name`, `parent_id`, `order_num`, `path`, `component`, `query`, `is_frame`, `is_cache`, `menu_type`, `visible`, `status`, `perms`, `icon`, `remark`, `del_flag`, `create_time`, `update_user`, `update_time`, `create_user`) VALUES (1003, '用户删除', 100, 4, '', '', '', 1, 0, 'F', '0', '0', 'system:user:remove', '#', '', b'0', '2022-10-05 15:28:43', NULL, NULL, NULL);
INSERT INTO `sys_menu` (`menu_id`, `menu_name`, `parent_id`, `order_num`, `path`, `component`, `query`, `is_frame`, `is_cache`, `menu_type`, `visible`, `status`, `perms`, `icon`, `remark`, `del_flag`, `create_time`, `update_user`, `update_time`, `create_user`) VALUES (1004, '用户导出', 100, 5, '', '', '', 1, 0, 'F', '0', '0', 'system:user:export', '#', '', b'0', '2022-10-05 15:28:43', NULL, NULL, NULL);
INSERT INTO `sys_menu` (`menu_id`, `menu_name`, `parent_id`, `order_num`, `path`, `component`, `query`, `is_frame`, `is_cache`, `menu_type`, `visible`, `status`, `perms`, `icon`, `remark`, `del_flag`, `create_time`, `update_user`, `update_time`, `create_user`) VALUES (1005, '用户导入', 100, 6, '', '', '', 1, 0, 'F', '0', '0', 'system:user:import', '#', '', b'0', '2022-10-05 15:28:43', NULL, NULL, NULL);
INSERT INTO `sys_menu` (`menu_id`, `menu_name`, `parent_id`, `order_num`, `path`, `component`, `query`, `is_frame`, `is_cache`, `menu_type`, `visible`, `status`, `perms`, `icon`, `remark`, `del_flag`, `create_time`, `update_user`, `update_time`, `create_user`) VALUES (1006, '重置密码', 100, 7, '', '', '', 1, 0, 'F', '0', '0', 'system:user:resetPwd', '#', '', b'0', '2022-10-05 15:28:43', NULL, NULL, NULL);
INSERT INTO `sys_menu` (`menu_id`, `menu_name`, `parent_id`, `order_num`, `path`, `component`, `query`, `is_frame`, `is_cache`, `menu_type`, `visible`, `status`, `perms`, `icon`, `remark`, `del_flag`, `create_time`, `update_user`, `update_time`, `create_user`) VALUES (1007, '角色查询', 101, 1, '', '', '', 1, 0, 'F', '0', '0', 'system:role:query', '#', '', b'0', '2022-10-05 15:28:43', NULL, NULL, NULL);
INSERT INTO `sys_menu` (`menu_id`, `menu_name`, `parent_id`, `order_num`, `path`, `component`, `query`, `is_frame`, `is_cache`, `menu_type`, `visible`, `status`, `perms`, `icon`, `remark`, `del_flag`, `create_time`, `update_user`, `update_time`, `create_user`) VALUES (1008, '角色新增', 101, 2, '', '', '', 1, 0, 'F', '0', '0', 'system:role:add', '#', '', b'0', '2022-10-05 15:28:43', NULL, NULL, NULL);
INSERT INTO `sys_menu` (`menu_id`, `menu_name`, `parent_id`, `order_num`, `path`, `component`, `query`, `is_frame`, `is_cache`, `menu_type`, `visible`, `status`, `perms`, `icon`, `remark`, `del_flag`, `create_time`, `update_user`, `update_time`, `create_user`) VALUES (1009, '角色修改', 101, 3, '', '', '', 1, 0, 'F', '0', '0', 'system:role:edit', '#', '', b'0', '2022-10-05 15:28:43', NULL, NULL, NULL);
INSERT INTO `sys_menu` (`menu_id`, `menu_name`, `parent_id`, `order_num`, `path`, `component`, `query`, `is_frame`, `is_cache`, `menu_type`, `visible`, `status`, `perms`, `icon`, `remark`, `del_flag`, `create_time`, `update_user`, `update_time`, `create_user`) VALUES (1010, '角色删除', 101, 4, '', '', '', 1, 0, 'F', '0', '0', 'system:role:remove', '#', '', b'0', '2022-10-05 15:28:43', NULL, NULL, NULL);
INSERT INTO `sys_menu` (`menu_id`, `menu_name`, `parent_id`, `order_num`, `path`, `component`, `query`, `is_frame`, `is_cache`, `menu_type`, `visible`, `status`, `perms`, `icon`, `remark`, `del_flag`, `create_time`, `update_user`, `update_time`, `create_user`) VALUES (1011, '角色导出', 101, 5, '', '', '', 1, 0, 'F', '0', '0', 'system:role:export', '#', '', b'0', '2022-10-05 15:28:43', NULL, NULL, NULL);
INSERT INTO `sys_menu` (`menu_id`, `menu_name`, `parent_id`, `order_num`, `path`, `component`, `query`, `is_frame`, `is_cache`, `menu_type`, `visible`, `status`, `perms`, `icon`, `remark`, `del_flag`, `create_time`, `update_user`, `update_time`, `create_user`) VALUES (1012, '菜单查询', 102, 1, '', '', '', 1, 0, 'F', '0', '0', 'system:menu:query', '#', '', b'0', '2022-10-05 15:28:43', NULL, NULL, NULL);
INSERT INTO `sys_menu` (`menu_id`, `menu_name`, `parent_id`, `order_num`, `path`, `component`, `query`, `is_frame`, `is_cache`, `menu_type`, `visible`, `status`, `perms`, `icon`, `remark`, `del_flag`, `create_time`, `update_user`, `update_time`, `create_user`) VALUES (1013, '菜单新增', 102, 2, '', '', '', 1, 0, 'F', '0', '0', 'system:menu:add', '#', '', b'0', '2022-10-05 15:28:43', NULL, NULL, NULL);
INSERT INTO `sys_menu` (`menu_id`, `menu_name`, `parent_id`, `order_num`, `path`, `component`, `query`, `is_frame`, `is_cache`, `menu_type`, `visible`, `status`, `perms`, `icon`, `remark`, `del_flag`, `create_time`, `update_user`, `update_time`, `create_user`) VALUES (1014, '菜单修改', 102, 3, '', '', '', 1, 0, 'F', '0', '0', 'system:menu:edit', '#', '', b'0', '2022-10-05 15:28:43', NULL, NULL, NULL);
INSERT INTO `sys_menu` (`menu_id`, `menu_name`, `parent_id`, `order_num`, `path`, `component`, `query`, `is_frame`, `is_cache`, `menu_type`, `visible`, `status`, `perms`, `icon`, `remark`, `del_flag`, `create_time`, `update_user`, `update_time`, `create_user`) VALUES (1015, '菜单删除', 102, 4, '', '', '', 1, 0, 'F', '0', '0', 'system:menu:remove', '#', '', b'0', '2022-10-05 15:28:43', NULL, NULL, NULL);
INSERT INTO `sys_menu` (`menu_id`, `menu_name`, `parent_id`, `order_num`, `path`, `component`, `query`, `is_frame`, `is_cache`, `menu_type`, `visible`, `status`, `perms`, `icon`, `remark`, `del_flag`, `create_time`, `update_user`, `update_time`, `create_user`) VALUES (1016, '部门查询', 103, 1, '', '', '', 1, 0, 'F', '0', '0', 'system:dept:query', '#', '', b'1', '2022-10-05 15:28:43', NULL, NULL, NULL);
INSERT INTO `sys_menu` (`menu_id`, `menu_name`, `parent_id`, `order_num`, `path`, `component`, `query`, `is_frame`, `is_cache`, `menu_type`, `visible`, `status`, `perms`, `icon`, `remark`, `del_flag`, `create_time`, `update_user`, `update_time`, `create_user`) VALUES (1017, '部门新增', 103, 2, '', '', '', 1, 0, 'F', '0', '0', 'system:dept:add', '#', '', b'1', '2022-10-05 15:28:43', NULL, NULL, NULL);
INSERT INTO `sys_menu` (`menu_id`, `menu_name`, `parent_id`, `order_num`, `path`, `component`, `query`, `is_frame`, `is_cache`, `menu_type`, `visible`, `status`, `perms`, `icon`, `remark`, `del_flag`, `create_time`, `update_user`, `update_time`, `create_user`) VALUES (1018, '部门修改', 103, 3, '', '', '', 1, 0, 'F', '0', '0', 'system:dept:edit', '#', '', b'1', '2022-10-05 15:28:43', NULL, NULL, NULL);
INSERT INTO `sys_menu` (`menu_id`, `menu_name`, `parent_id`, `order_num`, `path`, `component`, `query`, `is_frame`, `is_cache`, `menu_type`, `visible`, `status`, `perms`, `icon`, `remark`, `del_flag`, `create_time`, `update_user`, `update_time`, `create_user`) VALUES (1019, '部门删除', 103, 4, '', '', '', 1, 0, 'F', '0', '0', 'system:dept:remove', '#', '', b'1', '2022-10-05 15:28:43', NULL, NULL, NULL);
INSERT INTO `sys_menu` (`menu_id`, `menu_name`, `parent_id`, `order_num`, `path`, `component`, `query`, `is_frame`, `is_cache`, `menu_type`, `visible`, `status`, `perms`, `icon`, `remark`, `del_flag`, `create_time`, `update_user`, `update_time`, `create_user`) VALUES (1020, '岗位查询', 104, 1, '', '', '', 1, 0, 'F', '0', '0', 'system:post:query', '#', '', b'1', '2022-10-05 15:28:43', NULL, NULL, NULL);
INSERT INTO `sys_menu` (`menu_id`, `menu_name`, `parent_id`, `order_num`, `path`, `component`, `query`, `is_frame`, `is_cache`, `menu_type`, `visible`, `status`, `perms`, `icon`, `remark`, `del_flag`, `create_time`, `update_user`, `update_time`, `create_user`) VALUES (1021, '岗位新增', 104, 2, '', '', '', 1, 0, 'F', '0', '0', 'system:post:add', '#', '', b'1', '2022-10-05 15:28:43', NULL, NULL, NULL);
INSERT INTO `sys_menu` (`menu_id`, `menu_name`, `parent_id`, `order_num`, `path`, `component`, `query`, `is_frame`, `is_cache`, `menu_type`, `visible`, `status`, `perms`, `icon`, `remark`, `del_flag`, `create_time`, `update_user`, `update_time`, `create_user`) VALUES (1022, '岗位修改', 104, 3, '', '', '', 1, 0, 'F', '0', '0', 'system:post:edit', '#', '', b'1', '2022-10-05 15:28:43', NULL, NULL, NULL);
INSERT INTO `sys_menu` (`menu_id`, `menu_name`, `parent_id`, `order_num`, `path`, `component`, `query`, `is_frame`, `is_cache`, `menu_type`, `visible`, `status`, `perms`, `icon`, `remark`, `del_flag`, `create_time`, `update_user`, `update_time`, `create_user`) VALUES (1023, '岗位删除', 104, 4, '', '', '', 1, 0, 'F', '0', '0', 'system:post:remove', '#', '', b'1', '2022-10-05 15:28:43', NULL, NULL, NULL);
INSERT INTO `sys_menu` (`menu_id`, `menu_name`, `parent_id`, `order_num`, `path`, `component`, `query`, `is_frame`, `is_cache`, `menu_type`, `visible`, `status`, `perms`, `icon`, `remark`, `del_flag`, `create_time`, `update_user`, `update_time`, `create_user`) VALUES (1024, '岗位导出', 104, 5, '', '', '', 1, 0, 'F', '0', '0', 'system:post:export', '#', '', b'1', '2022-10-05 15:28:43', NULL, NULL, NULL);
INSERT INTO `sys_menu` (`menu_id`, `menu_name`, `parent_id`, `order_num`, `path`, `component`, `query`, `is_frame`, `is_cache`, `menu_type`, `visible`, `status`, `perms`, `icon`, `remark`, `del_flag`, `create_time`, `update_user`, `update_time`, `create_user`) VALUES (1025, '字典查询', 105, 1, '#', '', '', 1, 0, 'F', '0', '0', 'system:dict:query', '#', '', b'0', '2022-10-05 15:28:43', NULL, NULL, NULL);
INSERT INTO `sys_menu` (`menu_id`, `menu_name`, `parent_id`, `order_num`, `path`, `component`, `query`, `is_frame`, `is_cache`, `menu_type`, `visible`, `status`, `perms`, `icon`, `remark`, `del_flag`, `create_time`, `update_user`, `update_time`, `create_user`) VALUES (1026, '字典新增', 105, 2, '#', '', '', 1, 0, 'F', '0', '0', 'system:dict:add', '#', '', b'0', '2022-10-05 15:28:43', NULL, NULL, NULL);
INSERT INTO `sys_menu` (`menu_id`, `menu_name`, `parent_id`, `order_num`, `path`, `component`, `query`, `is_frame`, `is_cache`, `menu_type`, `visible`, `status`, `perms`, `icon`, `remark`, `del_flag`, `create_time`, `update_user`, `update_time`, `create_user`) VALUES (1027, '字典修改', 105, 3, '#', '', '', 1, 0, 'F', '0', '0', 'system:dict:edit', '#', '', b'0', '2022-10-05 15:28:43', NULL, NULL, NULL);
INSERT INTO `sys_menu` (`menu_id`, `menu_name`, `parent_id`, `order_num`, `path`, `component`, `query`, `is_frame`, `is_cache`, `menu_type`, `visible`, `status`, `perms`, `icon`, `remark`, `del_flag`, `create_time`, `update_user`, `update_time`, `create_user`) VALUES (1028, '字典删除', 105, 4, '#', '', '', 1, 0, 'F', '0', '0', 'system:dict:remove', '#', '', b'0', '2022-10-05 15:28:43', NULL, NULL, NULL);
INSERT INTO `sys_menu` (`menu_id`, `menu_name`, `parent_id`, `order_num`, `path`, `component`, `query`, `is_frame`, `is_cache`, `menu_type`, `visible`, `status`, `perms`, `icon`, `remark`, `del_flag`, `create_time`, `update_user`, `update_time`, `create_user`) VALUES (1029, '字典导出', 105, 5, '#', '', '', 1, 0, 'F', '0', '0', 'system:dict:export', '#', '', b'0', '2022-10-05 15:28:43', NULL, NULL, NULL);
INSERT INTO `sys_menu` (`menu_id`, `menu_name`, `parent_id`, `order_num`, `path`, `component`, `query`, `is_frame`, `is_cache`, `menu_type`, `visible`, `status`, `perms`, `icon`, `remark`, `del_flag`, `create_time`, `update_user`, `update_time`, `create_user`) VALUES (1030, '参数查询', 106, 1, '#', '', '', 1, 0, 'F', '0', '0', 'system:config:query', '#', '', b'0', '2022-10-05 15:28:43', NULL, NULL, NULL);
INSERT INTO `sys_menu` (`menu_id`, `menu_name`, `parent_id`, `order_num`, `path`, `component`, `query`, `is_frame`, `is_cache`, `menu_type`, `visible`, `status`, `perms`, `icon`, `remark`, `del_flag`, `create_time`, `update_user`, `update_time`, `create_user`) VALUES (1031, '参数新增', 106, 2, '#', '', '', 1, 0, 'F', '0', '0', 'system:config:add', '#', '', b'0', '2022-10-05 15:28:43', NULL, NULL, NULL);
INSERT INTO `sys_menu` (`menu_id`, `menu_name`, `parent_id`, `order_num`, `path`, `component`, `query`, `is_frame`, `is_cache`, `menu_type`, `visible`, `status`, `perms`, `icon`, `remark`, `del_flag`, `create_time`, `update_user`, `update_time`, `create_user`) VALUES (1032, '参数修改', 106, 3, '#', '', '', 1, 0, 'F', '0', '0', 'system:config:edit', '#', '', b'0', '2022-10-05 15:28:43', NULL, NULL, NULL);
INSERT INTO `sys_menu` (`menu_id`, `menu_name`, `parent_id`, `order_num`, `path`, `component`, `query`, `is_frame`, `is_cache`, `menu_type`, `visible`, `status`, `perms`, `icon`, `remark`, `del_flag`, `create_time`, `update_user`, `update_time`, `create_user`) VALUES (1033, '参数删除', 106, 4, '#', '', '', 1, 0, 'F', '0', '0', 'system:config:remove', '#', '', b'0', '2022-10-05 15:28:43', NULL, NULL, NULL);
INSERT INTO `sys_menu` (`menu_id`, `menu_name`, `parent_id`, `order_num`, `path`, `component`, `query`, `is_frame`, `is_cache`, `menu_type`, `visible`, `status`, `perms`, `icon`, `remark`, `del_flag`, `create_time`, `update_user`, `update_time`, `create_user`) VALUES (1034, '参数导出', 106, 5, '#', '', '', 1, 0, 'F', '0', '0', 'system:config:export', '#', '', b'0', '2022-10-05 15:28:43', NULL, NULL, NULL);
INSERT INTO `sys_menu` (`menu_id`, `menu_name`, `parent_id`, `order_num`, `path`, `component`, `query`, `is_frame`, `is_cache`, `menu_type`, `visible`, `status`, `perms`, `icon`, `remark`, `del_flag`, `create_time`, `update_user`, `update_time`, `create_user`) VALUES (1035, '公告查询', 107, 1, '#', '', '', 1, 0, 'F', '0', '0', 'system:notice:query', '#', '', b'1', '2022-10-05 15:28:43', NULL, NULL, NULL);
INSERT INTO `sys_menu` (`menu_id`, `menu_name`, `parent_id`, `order_num`, `path`, `component`, `query`, `is_frame`, `is_cache`, `menu_type`, `visible`, `status`, `perms`, `icon`, `remark`, `del_flag`, `create_time`, `update_user`, `update_time`, `create_user`) VALUES (1036, '公告新增', 107, 2, '#', '', '', 1, 0, 'F', '0', '0', 'system:notice:add', '#', '', b'1', '2022-10-05 15:28:43', NULL, NULL, NULL);
INSERT INTO `sys_menu` (`menu_id`, `menu_name`, `parent_id`, `order_num`, `path`, `component`, `query`, `is_frame`, `is_cache`, `menu_type`, `visible`, `status`, `perms`, `icon`, `remark`, `del_flag`, `create_time`, `update_user`, `update_time`, `create_user`) VALUES (1037, '公告修改', 107, 3, '#', '', '', 1, 0, 'F', '0', '0', 'system:notice:edit', '#', '', b'1', '2022-10-05 15:28:43', NULL, NULL, NULL);
INSERT INTO `sys_menu` (`menu_id`, `menu_name`, `parent_id`, `order_num`, `path`, `component`, `query`, `is_frame`, `is_cache`, `menu_type`, `visible`, `status`, `perms`, `icon`, `remark`, `del_flag`, `create_time`, `update_user`, `update_time`, `create_user`) VALUES (1038, '公告删除', 107, 4, '#', '', '', 1, 0, 'F', '0', '0', 'system:notice:remove', '#', '', b'1', '2022-10-05 15:28:43', NULL, NULL, NULL);
INSERT INTO `sys_menu` (`menu_id`, `menu_name`, `parent_id`, `order_num`, `path`, `component`, `query`, `is_frame`, `is_cache`, `menu_type`, `visible`, `status`, `perms`, `icon`, `remark`, `del_flag`, `create_time`, `update_user`, `update_time`, `create_user`) VALUES (1039, '操作查询', 500, 1, '#', '', '', 1, 0, 'F', '0', '0', 'monitor:operlog:query', '#', '', b'0', '2022-10-05 15:28:43', NULL, NULL, NULL);
INSERT INTO `sys_menu` (`menu_id`, `menu_name`, `parent_id`, `order_num`, `path`, `component`, `query`, `is_frame`, `is_cache`, `menu_type`, `visible`, `status`, `perms`, `icon`, `remark`, `del_flag`, `create_time`, `update_user`, `update_time`, `create_user`) VALUES (1040, '操作删除', 500, 2, '#', '', '', 1, 0, 'F', '0', '0', 'monitor:operlog:remove', '#', '', b'0', '2022-10-05 15:28:43', NULL, NULL, NULL);
INSERT INTO `sys_menu` (`menu_id`, `menu_name`, `parent_id`, `order_num`, `path`, `component`, `query`, `is_frame`, `is_cache`, `menu_type`, `visible`, `status`, `perms`, `icon`, `remark`, `del_flag`, `create_time`, `update_user`, `update_time`, `create_user`) VALUES (1041, '日志导出', 500, 3, '#', '', '', 1, 0, 'F', '0', '0', 'monitor:operlog:export', '#', '', b'0', '2022-10-05 15:28:43', NULL, NULL, NULL);
INSERT INTO `sys_menu` (`menu_id`, `menu_name`, `parent_id`, `order_num`, `path`, `component`, `query`, `is_frame`, `is_cache`, `menu_type`, `visible`, `status`, `perms`, `icon`, `remark`, `del_flag`, `create_time`, `update_user`, `update_time`, `create_user`) VALUES (1042, '登录查询', 501, 1, '#', '', '', 1, 0, 'F', '0', '0', 'monitor:logininfor:query', '#', '', b'0', '2022-10-05 15:28:43', NULL, NULL, NULL);
INSERT INTO `sys_menu` (`menu_id`, `menu_name`, `parent_id`, `order_num`, `path`, `component`, `query`, `is_frame`, `is_cache`, `menu_type`, `visible`, `status`, `perms`, `icon`, `remark`, `del_flag`, `create_time`, `update_user`, `update_time`, `create_user`) VALUES (1043, '登录删除', 501, 2, '#', '', '', 1, 0, 'F', '0', '0', 'monitor:logininfor:remove', '#', '', b'0', '2022-10-05 15:28:43', NULL, NULL, NULL);
INSERT INTO `sys_menu` (`menu_id`, `menu_name`, `parent_id`, `order_num`, `path`, `component`, `query`, `is_frame`, `is_cache`, `menu_type`, `visible`, `status`, `perms`, `icon`, `remark`, `del_flag`, `create_time`, `update_user`, `update_time`, `create_user`) VALUES (1044, '日志导出', 501, 3, '#', '', '', 1, 0, 'F', '0', '0', 'monitor:logininfor:export', '#', '', b'0', '2022-10-05 15:28:43', NULL, NULL, NULL);
INSERT INTO `sys_menu` (`menu_id`, `menu_name`, `parent_id`, `order_num`, `path`, `component`, `query`, `is_frame`, `is_cache`, `menu_type`, `visible`, `status`, `perms`, `icon`, `remark`, `del_flag`, `create_time`, `update_user`, `update_time`, `create_user`) VALUES (1045, '账户解锁', 501, 4, '#', '', '', 1, 0, 'F', '0', '0', 'monitor:logininfor:unlock', '#', '', b'0', '2022-10-05 15:28:43', NULL, NULL, NULL);
INSERT INTO `sys_menu` (`menu_id`, `menu_name`, `parent_id`, `order_num`, `path`, `component`, `query`, `is_frame`, `is_cache`, `menu_type`, `visible`, `status`, `perms`, `icon`, `remark`, `del_flag`, `create_time`, `update_user`, `update_time`, `create_user`) VALUES (1046, '在线查询', 109, 1, '#', '', '', 1, 0, 'F', '0', '0', 'monitor:online:query', '#', '', b'0', '2022-10-05 15:28:43', NULL, NULL, NULL);
INSERT INTO `sys_menu` (`menu_id`, `menu_name`, `parent_id`, `order_num`, `path`, `component`, `query`, `is_frame`, `is_cache`, `menu_type`, `visible`, `status`, `perms`, `icon`, `remark`, `del_flag`, `create_time`, `update_user`, `update_time`, `create_user`) VALUES (1047, '批量强退', 109, 2, '#', '', '', 1, 0, 'F', '0', '0', 'monitor:online:batchLogout', '#', '', b'0', '2022-10-05 15:28:43', NULL, NULL, NULL);
INSERT INTO `sys_menu` (`menu_id`, `menu_name`, `parent_id`, `order_num`, `path`, `component`, `query`, `is_frame`, `is_cache`, `menu_type`, `visible`, `status`, `perms`, `icon`, `remark`, `del_flag`, `create_time`, `update_user`, `update_time`, `create_user`) VALUES (1048, '单条强退', 109, 3, '#', '', '', 1, 0, 'F', '0', '0', 'monitor:online:forceLogout', '#', '', b'0', '2022-10-05 15:28:43', NULL, NULL, NULL);
INSERT INTO `sys_menu` (`menu_id`, `menu_name`, `parent_id`, `order_num`, `path`, `component`, `query`, `is_frame`, `is_cache`, `menu_type`, `visible`, `status`, `perms`, `icon`, `remark`, `del_flag`, `create_time`, `update_user`, `update_time`, `create_user`) VALUES (1049, '任务查询', 110, 1, '#', '', '', 1, 0, 'F', '0', '0', 'monitor:job:query', '#', '', b'0', '2022-10-05 15:28:43', NULL, NULL, NULL);
INSERT INTO `sys_menu` (`menu_id`, `menu_name`, `parent_id`, `order_num`, `path`, `component`, `query`, `is_frame`, `is_cache`, `menu_type`, `visible`, `status`, `perms`, `icon`, `remark`, `del_flag`, `create_time`, `update_user`, `update_time`, `create_user`) VALUES (1050, '任务新增', 110, 2, '#', '', '', 1, 0, 'F', '0', '0', 'monitor:job:add', '#', '', b'0', '2022-10-05 15:28:43', NULL, NULL, NULL);
INSERT INTO `sys_menu` (`menu_id`, `menu_name`, `parent_id`, `order_num`, `path`, `component`, `query`, `is_frame`, `is_cache`, `menu_type`, `visible`, `status`, `perms`, `icon`, `remark`, `del_flag`, `create_time`, `update_user`, `update_time`, `create_user`) VALUES (1051, '任务修改', 110, 3, '#', '', '', 1, 0, 'F', '0', '0', 'monitor:job:edit', '#', '', b'0', '2022-10-05 15:28:43', NULL, NULL, NULL);
INSERT INTO `sys_menu` (`menu_id`, `menu_name`, `parent_id`, `order_num`, `path`, `component`, `query`, `is_frame`, `is_cache`, `menu_type`, `visible`, `status`, `perms`, `icon`, `remark`, `del_flag`, `create_time`, `update_user`, `update_time`, `create_user`) VALUES (1052, '任务删除', 110, 4, '#', '', '', 1, 0, 'F', '0', '0', 'monitor:job:remove', '#', '', b'0', '2022-10-05 15:28:43', NULL, NULL, NULL);
INSERT INTO `sys_menu` (`menu_id`, `menu_name`, `parent_id`, `order_num`, `path`, `component`, `query`, `is_frame`, `is_cache`, `menu_type`, `visible`, `status`, `perms`, `icon`, `remark`, `del_flag`, `create_time`, `update_user`, `update_time`, `create_user`) VALUES (1053, '状态修改', 110, 5, '#', '', '', 1, 0, 'F', '0', '0', 'monitor:job:changeStatus', '#', '', b'0', '2022-10-05 15:28:43', NULL, NULL, NULL);
INSERT INTO `sys_menu` (`menu_id`, `menu_name`, `parent_id`, `order_num`, `path`, `component`, `query`, `is_frame`, `is_cache`, `menu_type`, `visible`, `status`, `perms`, `icon`, `remark`, `del_flag`, `create_time`, `update_user`, `update_time`, `create_user`) VALUES (1054, '任务导出', 110, 6, '#', '', '', 1, 0, 'F', '0', '0', 'monitor:job:export', '#', '', b'0', '2022-10-05 15:28:43', NULL, NULL, NULL);
INSERT INTO `sys_menu` (`menu_id`, `menu_name`, `parent_id`, `order_num`, `path`, `component`, `query`, `is_frame`, `is_cache`, `menu_type`, `visible`, `status`, `perms`, `icon`, `remark`, `del_flag`, `create_time`, `update_user`, `update_time`, `create_user`) VALUES (1055, '生成查询', 116, 1, '#', '', '', 1, 0, 'F', '0', '0', 'tool:gen:query', '#', '', b'0', '2022-10-05 15:28:43', NULL, NULL, NULL);
INSERT INTO `sys_menu` (`menu_id`, `menu_name`, `parent_id`, `order_num`, `path`, `component`, `query`, `is_frame`, `is_cache`, `menu_type`, `visible`, `status`, `perms`, `icon`, `remark`, `del_flag`, `create_time`, `update_user`, `update_time`, `create_user`) VALUES (1056, '生成修改', 116, 2, '#', '', '', 1, 0, 'F', '0', '0', 'tool:gen:edit', '#', '', b'0', '2022-10-05 15:28:43', NULL, NULL, NULL);
INSERT INTO `sys_menu` (`menu_id`, `menu_name`, `parent_id`, `order_num`, `path`, `component`, `query`, `is_frame`, `is_cache`, `menu_type`, `visible`, `status`, `perms`, `icon`, `remark`, `del_flag`, `create_time`, `update_user`, `update_time`, `create_user`) VALUES (1057, '生成删除', 116, 3, '#', '', '', 1, 0, 'F', '0', '0', 'tool:gen:remove', '#', '', b'0', '2022-10-05 15:28:43', NULL, NULL, NULL);
INSERT INTO `sys_menu` (`menu_id`, `menu_name`, `parent_id`, `order_num`, `path`, `component`, `query`, `is_frame`, `is_cache`, `menu_type`, `visible`, `status`, `perms`, `icon`, `remark`, `del_flag`, `create_time`, `update_user`, `update_time`, `create_user`) VALUES (1058, '导入代码', 116, 4, '#', '', '', 1, 0, 'F', '0', '0', 'tool:gen:import', '#', '', b'0', '2022-10-05 15:28:43', NULL, NULL, NULL);
INSERT INTO `sys_menu` (`menu_id`, `menu_name`, `parent_id`, `order_num`, `path`, `component`, `query`, `is_frame`, `is_cache`, `menu_type`, `visible`, `status`, `perms`, `icon`, `remark`, `del_flag`, `create_time`, `update_user`, `update_time`, `create_user`) VALUES (1059, '预览代码', 116, 5, '#', '', '', 1, 0, 'F', '0', '0', 'tool:gen:preview', '#', '', b'0', '2022-10-05 15:28:43', NULL, NULL, NULL);
INSERT INTO `sys_menu` (`menu_id`, `menu_name`, `parent_id`, `order_num`, `path`, `component`, `query`, `is_frame`, `is_cache`, `menu_type`, `visible`, `status`, `perms`, `icon`, `remark`, `del_flag`, `create_time`, `update_user`, `update_time`, `create_user`) VALUES (1060, '生成代码', 116, 6, '#', '', '', 1, 0, 'F', '0', '0', 'tool:gen:code', '#', '', b'0', '2022-10-05 15:28:43', NULL, NULL, NULL);
INSERT INTO `sys_menu` (`menu_id`, `menu_name`, `parent_id`, `order_num`, `path`, `component`, `query`, `is_frame`, `is_cache`, `menu_type`, `visible`, `status`, `perms`, `icon`, `remark`, `del_flag`, `create_time`, `update_user`, `update_time`, `create_user`) VALUES (1597918884311171073, '求助版', 0, 5, 'campus', NULL, NULL, 1, 0, 'M', '0', '0', NULL, 'education', '', b'0', '2022-11-30 19:42:05', NULL, '2022-11-30 19:42:04', 1);
INSERT INTO `sys_menu` (`menu_id`, `menu_name`, `parent_id`, `order_num`, `path`, `component`, `query`, `is_frame`, `is_cache`, `menu_type`, `visible`, `status`, `perms`, `icon`, `remark`, `del_flag`, `create_time`, `update_user`, `update_time`, `create_user`) VALUES (1597929330846040066, '内容管理', 1597918884311171073, 2, 'content', 'campus/content/index', NULL, 1, 0, 'C', '0', '0', 'campus:content:list', 'content', '', b'0', '2022-11-30 20:23:35', 1, '2022-11-30 20:23:35', 1);
INSERT INTO `sys_menu` (`menu_id`, `menu_name`, `parent_id`, `order_num`, `path`, `component`, `query`, `is_frame`, `is_cache`, `menu_type`, `visible`, `status`, `perms`, `icon`, `remark`, `del_flag`, `create_time`, `update_user`, `update_time`, `create_user`) VALUES (1597930331497922562, '评论管理', 1597918884311171073, 6, 'comment', 'campus/comment/index', NULL, 1, 0, 'C', '0', '0', 'campus:comment:list', 'comment', '', b'0', '2022-11-30 20:27:34', 1, '2022-11-30 20:27:33', 1);
INSERT INTO `sys_menu` (`menu_id`, `menu_name`, `parent_id`, `order_num`, `path`, `component`, `query`, `is_frame`, `is_cache`, `menu_type`, `visible`, `status`, `perms`, `icon`, `remark`, `del_flag`, `create_time`, `update_user`, `update_time`, `create_user`) VALUES (1597930928431267841, '类别管理', 1597918884311171073, 3, 'category', 'campus/category/index', NULL, 1, 0, 'C', '0', '0', 'campus:category:list', 'category', '', b'0', '2022-11-30 20:29:56', 1, '2022-11-30 20:29:56', 1);
INSERT INTO `sys_menu` (`menu_id`, `menu_name`, `parent_id`, `order_num`, `path`, `component`, `query`, `is_frame`, `is_cache`, `menu_type`, `visible`, `status`, `perms`, `icon`, `remark`, `del_flag`, `create_time`, `update_user`, `update_time`, `create_user`) VALUES (1597931148678365186, '标签管理', 1597918884311171073, 4, 'tag', 'campus/tag/index', NULL, 1, 0, 'C', '0', '0', 'campus:tag:list', 'tag', '', b'0', '2022-11-30 20:30:49', 1, '2022-11-30 20:30:48', 1);
COMMIT;

-- ----------------------------
-- Table structure for sys_resource
-- ----------------------------
DROP TABLE IF EXISTS `sys_resource`;
CREATE TABLE `sys_resource` (
  `resource_id` bigint NOT NULL COMMENT '资源id',
  `app_code` varchar(100) CHARACTER SET utf8 COLLATE utf8_general_ci DEFAULT NULL COMMENT '应用编码',
  `resource_code` varchar(300) CHARACTER SET utf8 COLLATE utf8_general_ci DEFAULT NULL COMMENT '资源编码',
  `resource_name` varchar(300) CHARACTER SET utf8 COLLATE utf8_general_ci DEFAULT NULL COMMENT '资源名称',
  `class_name` varchar(100) CHARACTER SET utf8 COLLATE utf8_general_ci DEFAULT NULL COMMENT '类名称',
  `method_name` varchar(100) CHARACTER SET utf8 COLLATE utf8_general_ci DEFAULT NULL COMMENT '方法名称',
  `modular_name` varchar(100) CHARACTER SET utf8 COLLATE utf8_general_ci DEFAULT NULL COMMENT '资源模块名称，一般为控制器名称',
  `url` varchar(300) CHARACTER SET utf8 COLLATE utf8_general_ci DEFAULT NULL COMMENT '资源url',
  `http_method` varchar(10) CHARACTER SET utf8 COLLATE utf8_general_ci DEFAULT NULL COMMENT 'http请求方法',
  `resource_biz_type` tinyint DEFAULT '1' COMMENT '资源的业务类型：1-业务类，2-系统类',
  `required_permission_flag` char(1) CHARACTER SET utf8 COLLATE utf8_general_ci DEFAULT NULL COMMENT '是否需要鉴权：Y-是，N-否',
  `del_flag` bit(1) DEFAULT b'0' COMMENT '删除标志（0代表存在 1代表删除）',
  `create_user` bigint DEFAULT NULL COMMENT '创建人',
  `create_time` datetime DEFAULT CURRENT_TIMESTAMP COMMENT '创建时间',
  `update_user` bigint DEFAULT NULL COMMENT '更新人',
  `update_time` datetime DEFAULT CURRENT_TIMESTAMP COMMENT '更新时间',
  PRIMARY KEY (`resource_id`) USING BTREE,
  KEY `RESOURCE_CODE_URL` (`resource_code`,`url`) USING BTREE COMMENT '资源code和url的联合索引'
) ENGINE=InnoDB DEFAULT CHARSET=utf8 COLLATE=utf8_general_ci ROW_FORMAT=DYNAMIC COMMENT='需要认证的接口资源controller';

-- ----------------------------
-- Records of sys_resource
-- ----------------------------
BEGIN;
COMMIT;

-- ----------------------------
-- Table structure for sys_role
-- ----------------------------
DROP TABLE IF EXISTS `sys_role`;
CREATE TABLE `sys_role` (
  `role_id` bigint NOT NULL AUTO_INCREMENT COMMENT '角色ID',
  `role_name` varchar(30) NOT NULL COMMENT '角色名称',
  `role_key` varchar(100) NOT NULL COMMENT '角色权限字符串',
  `role_sort` int NOT NULL COMMENT '显示顺序',
  `menu_check_strictly` tinyint(1) DEFAULT '1' COMMENT '菜单树选择项是否关联显示',
  `status` char(1) NOT NULL COMMENT '角色状态（0正常 1停用）',
  `remark` varchar(500) CHARACTER SET utf8 COLLATE utf8_general_ci DEFAULT NULL COMMENT '备注',
  `del_flag` bit(1) DEFAULT b'0' COMMENT '删除标志（0代表存在 2代表删除）',
  `create_user` bigint DEFAULT NULL COMMENT '创建者',
  `create_time` datetime DEFAULT NULL COMMENT '创建时间',
  `update_user` bigint DEFAULT NULL COMMENT '更新者',
  `update_time` datetime DEFAULT NULL COMMENT '更新时间',
  PRIMARY KEY (`role_id`)
) ENGINE=InnoDB AUTO_INCREMENT=1628997651572027395 DEFAULT CHARSET=utf8 COLLATE=utf8_general_ci COMMENT='角色信息表';

-- ----------------------------
-- Records of sys_role
-- ----------------------------
BEGIN;
INSERT INTO `sys_role` (`role_id`, `role_name`, `role_key`, `role_sort`, `menu_check_strictly`, `status`, `remark`, `del_flag`, `create_user`, `create_time`, `update_user`, `update_time`) VALUES (1, '超级管理员', 'admin', 1, 1, '0', '超级管理员', b'0', NULL, '2022-10-05 15:28:43', NULL, NULL);
INSERT INTO `sys_role` (`role_id`, `role_name`, `role_key`, `role_sort`, `menu_check_strictly`, `status`, `remark`, `del_flag`, `create_user`, `create_time`, `update_user`, `update_time`) VALUES (2, '初级管理员', 'common', 2, 1, '0', '初级管理员', b'0', NULL, '2022-10-05 15:28:43', 1, '2022-12-19 22:13:17');
INSERT INTO `sys_role` (`role_id`, `role_name`, `role_key`, `role_sort`, `menu_check_strictly`, `status`, `remark`, `del_flag`, `create_user`, `create_time`, `update_user`, `update_time`) VALUES (1594285449147330561, '普通用户', 'campus:common', 0, 1, '0', NULL, b'0', 1, '2022-11-20 19:04:06', 1, '2023-02-24 13:14:02');
INSERT INTO `sys_role` (`role_id`, `role_name`, `role_key`, `role_sort`, `menu_check_strictly`, `status`, `remark`, `del_flag`, `create_user`, `create_time`, `update_user`, `update_time`) VALUES (1628997165540274178, '审核员', 'campus:auditor', 0, 1, '0', '审核信息墙内容，可以修改信息墙内容', b'0', 1, '2023-02-24 13:56:04', 1, '2023-02-24 14:11:29');
INSERT INTO `sys_role` (`role_id`, `role_name`, `role_key`, `role_sort`, `menu_check_strictly`, `status`, `remark`, `del_flag`, `create_user`, `create_time`, `update_user`, `update_time`) VALUES (1628997651572027394, '浏览用户', 'campus:glance', 0, 1, '0', '只可浏览信息墙，点赞信息墙，不可发表墙和评论', b'0', 1, '2023-02-24 13:58:00', 1, '2023-02-24 14:10:46');
COMMIT;

-- ----------------------------
-- Table structure for sys_role_menu
-- ----------------------------
DROP TABLE IF EXISTS `sys_role_menu`;
CREATE TABLE `sys_role_menu` (
  `role_id` bigint NOT NULL COMMENT '角色ID',
  `menu_id` bigint NOT NULL COMMENT '菜单ID',
  PRIMARY KEY (`role_id`,`menu_id`)
) ENGINE=InnoDB DEFAULT CHARSET=utf8 COLLATE=utf8_general_ci COMMENT='角色和菜单关联表';

-- ----------------------------
-- Records of sys_role_menu
-- ----------------------------
BEGIN;
INSERT INTO `sys_role_menu` (`role_id`, `menu_id`) VALUES (2, 1);
INSERT INTO `sys_role_menu` (`role_id`, `menu_id`) VALUES (2, 4);
INSERT INTO `sys_role_menu` (`role_id`, `menu_id`) VALUES (2, 100);
INSERT INTO `sys_role_menu` (`role_id`, `menu_id`) VALUES (2, 101);
INSERT INTO `sys_role_menu` (`role_id`, `menu_id`) VALUES (2, 1000);
INSERT INTO `sys_role_menu` (`role_id`, `menu_id`) VALUES (2, 1001);
INSERT INTO `sys_role_menu` (`role_id`, `menu_id`) VALUES (2, 1002);
INSERT INTO `sys_role_menu` (`role_id`, `menu_id`) VALUES (2, 1003);
INSERT INTO `sys_role_menu` (`role_id`, `menu_id`) VALUES (2, 1004);
INSERT INTO `sys_role_menu` (`role_id`, `menu_id`) VALUES (2, 1005);
INSERT INTO `sys_role_menu` (`role_id`, `menu_id`) VALUES (2, 1006);
INSERT INTO `sys_role_menu` (`role_id`, `menu_id`) VALUES (2, 1007);
INSERT INTO `sys_role_menu` (`role_id`, `menu_id`) VALUES (2, 1008);
INSERT INTO `sys_role_menu` (`role_id`, `menu_id`) VALUES (2, 1009);
INSERT INTO `sys_role_menu` (`role_id`, `menu_id`) VALUES (2, 1010);
INSERT INTO `sys_role_menu` (`role_id`, `menu_id`) VALUES (2, 1011);
INSERT INTO `sys_role_menu` (`role_id`, `menu_id`) VALUES (2, 1597918884311171073);
INSERT INTO `sys_role_menu` (`role_id`, `menu_id`) VALUES (2, 1597929330846040066);
INSERT INTO `sys_role_menu` (`role_id`, `menu_id`) VALUES (2, 1597930331497922562);
INSERT INTO `sys_role_menu` (`role_id`, `menu_id`) VALUES (2, 1597930928431267841);
INSERT INTO `sys_role_menu` (`role_id`, `menu_id`) VALUES (2, 1597931148678365186);
INSERT INTO `sys_role_menu` (`role_id`, `menu_id`) VALUES (1594285449147330561, 4);
INSERT INTO `sys_role_menu` (`role_id`, `menu_id`) VALUES (1628997165540274178, 1597918884311171073);
INSERT INTO `sys_role_menu` (`role_id`, `menu_id`) VALUES (1628997165540274178, 1597929330846040066);
COMMIT;

-- ----------------------------
-- Table structure for sys_role_resource
-- ----------------------------
DROP TABLE IF EXISTS `sys_role_resource`;
CREATE TABLE `sys_role_resource` (
  `resource_code` varchar(255) CHARACTER SET utf8 COLLATE utf8_general_ci NOT NULL COMMENT '资源编码',
  `role_id` bigint NOT NULL COMMENT '角色id',
  PRIMARY KEY (`role_id`,`resource_code`)
) ENGINE=InnoDB DEFAULT CHARSET=utf8 COLLATE=utf8_general_ci ROW_FORMAT=DYNAMIC COMMENT='角色资源关联';

-- ----------------------------
-- Records of sys_role_resource
-- ----------------------------
BEGIN;
INSERT INTO `sys_role_resource` (`resource_code`, `role_id`) VALUES ('campus.comment_info.to_comment', 1594285449147330561);
INSERT INTO `sys_role_resource` (`resource_code`, `role_id`) VALUES ('campus.content_info.del_content', 1594285449147330561);
INSERT INTO `sys_role_resource` (`resource_code`, `role_id`) VALUES ('campus.content_info.get_own_content', 1594285449147330561);
INSERT INTO `sys_role_resource` (`resource_code`, `role_id`) VALUES ('campus.content_info.get_own_love_content', 1594285449147330561);
INSERT INTO `sys_role_resource` (`resource_code`, `role_id`) VALUES ('campus.content_info.own_contents', 1594285449147330561);
INSERT INTO `sys_role_resource` (`resource_code`, `role_id`) VALUES ('campus.content_info.to_content', 1594285449147330561);
INSERT INTO `sys_role_resource` (`resource_code`, `role_id`) VALUES ('campus.user_action.image_upload', 1594285449147330561);
INSERT INTO `sys_role_resource` (`resource_code`, `role_id`) VALUES ('campus.user_action.video_upload', 1594285449147330561);
INSERT INTO `sys_role_resource` (`resource_code`, `role_id`) VALUES ('campus.user_action.zan_content', 1594285449147330561);
INSERT INTO `sys_role_resource` (`resource_code`, `role_id`) VALUES ('campus.content.edit', 1628997165540274178);
INSERT INTO `sys_role_resource` (`resource_code`, `role_id`) VALUES ('campus.content.get_info', 1628997165540274178);
INSERT INTO `sys_role_resource` (`resource_code`, `role_id`) VALUES ('campus.content.page', 1628997165540274178);
INSERT INTO `sys_role_resource` (`resource_code`, `role_id`) VALUES ('campus.content.remove', 1628997165540274178);
INSERT INTO `sys_role_resource` (`resource_code`, `role_id`) VALUES ('campus.content_info.del_content', 1628997651572027394);
INSERT INTO `sys_role_resource` (`resource_code`, `role_id`) VALUES ('campus.content_info.get_own_love_content', 1628997651572027394);
INSERT INTO `sys_role_resource` (`resource_code`, `role_id`) VALUES ('campus.content_info.own_contents', 1628997651572027394);
INSERT INTO `sys_role_resource` (`resource_code`, `role_id`) VALUES ('campus.user_action.zan_content', 1628997651572027394);
COMMIT;

-- ----------------------------
-- Table structure for sys_user
-- ----------------------------
DROP TABLE IF EXISTS `sys_user`;
CREATE TABLE `sys_user` (
  `user_id` bigint NOT NULL AUTO_INCREMENT COMMENT '用户ID',
  `user_name` varchar(30) NOT NULL COMMENT '用户账号',
  `nick_name` varchar(30) NOT NULL COMMENT '用户昵称',
  `user_type` varchar(2) DEFAULT '00' COMMENT '用户类型（00系统用户）',
  `email` varchar(50) DEFAULT '' COMMENT '用户邮箱',
  `phonenumber` varchar(11) DEFAULT '' COMMENT '手机号码',
  `sex` char(1) DEFAULT '0' COMMENT '用户性别（0男 1女 2未知）',
  `avatar` varchar(100) DEFAULT '' COMMENT '头像地址',
  `password` varchar(100) DEFAULT '' COMMENT '密码',
  `status` char(1) DEFAULT '0' COMMENT '帐号状态（0正常 1停用）',
  `login_ip` varchar(128) DEFAULT '' COMMENT '最后登录IP',
  `login_date` datetime DEFAULT NULL COMMENT '最后登录时间',
  `remark` varchar(500) CHARACTER SET utf8 COLLATE utf8_general_ci DEFAULT NULL COMMENT '备注',
  `create_user` bigint DEFAULT NULL COMMENT '创建者',
  `create_time` datetime DEFAULT NULL COMMENT '创建时间',
  `update_user` bigint DEFAULT NULL COMMENT '更新者',
  `update_time` datetime DEFAULT NULL COMMENT '更新时间',
  `del_flag` bit(1) DEFAULT NULL COMMENT '逻辑删除(1:已删除，0:未删除)',
  PRIMARY KEY (`user_id`)
) ENGINE=InnoDB AUTO_INCREMENT=1633794905656545283 DEFAULT CHARSET=utf8 COLLATE=utf8_general_ci COMMENT='用户信息表';

-- ----------------------------
-- Records of sys_user
-- ----------------------------
BEGIN;
INSERT INTO `sys_user` (`user_id`, `user_name`, `nick_name`, `user_type`, `email`, `phonenumber`, `sex`, `avatar`, `password`, `status`, `login_ip`, `login_date`, `remark`, `create_user`, `create_time`, `update_user`, `update_time`, `del_flag`) VALUES (1, 'admin', 'Cici', '00', '3499007841@qq.com', '15987753801', '1', '/profile/avatar/2023/03/26/blob_20230326122934A001.jpeg', '$2a$10$IB1AD.TFpuH6Y9N0WIA17OpZCzPEYWsDdylFdksH2M4JXjwKhs1Qu', '0', '127.0.0.1', '2023-03-20 11:00:58', '超级管理员', 0, '2022-10-05 15:28:43', 1, '2023-03-20 11:00:58', b'0');
INSERT INTO `sys_user` (`user_id`, `user_name`, `nick_name`, `user_type`, `email`, `phonenumber`, `sex`, `avatar`, `password`, `status`, `login_ip`, `login_date`, `remark`, `create_user`, `create_time`, `update_user`, `update_time`, `del_flag`) VALUES (2, 'LJHX5470', 'Spume--', '00', '2080863176@qq.com', '14736856351', '0', '/profile/avatar/2023/03/26/blob_20230326124220A002.jpeg', '$2a$10$IB1AD.TFpuH6Y9N0WIA17OpZCzPEYWsDdylFdksH2M4JXjwKhs1Qu', '0', '127.0.0.1', '2023-01-11 23:04:36', '初级管理员', 0, '2022-10-05 15:28:43', 2, '2023-01-11 23:04:36', b'0');
INSERT INTO `sys_user` (`user_id`, `user_name`, `nick_name`, `user_type`, `email`, `phonenumber`, `sex`, `avatar`, `password`, `status`, `login_ip`, `login_date`, `remark`, `create_user`, `create_time`, `update_user`, `update_time`, `del_flag`) VALUES (1594285543804383234, 'Duanjiaming2001', '段三', '00', '469220494@qq.com', '18988411276', '0', '/profile/avatar/2023/03/26/blob_20230326124637A003.jpeg', '$2a$10$LevRIggIOrc6rsPiXqjXK.HLqdYHsmWsxOuYHMM/6PyP57UIoZpGu', '0', '127.0.0.1', '2023-03-20 19:38:34', NULL, 1, '2022-11-20 19:04:29', 1594285543804383234, '2023-03-20 19:38:34', b'0');
INSERT INTO `sys_user` (`user_id`, `user_name`, `nick_name`, `user_type`, `email`, `phonenumber`, `sex`, `avatar`, `password`, `status`, `login_ip`, `login_date`, `remark`, `create_user`, `create_time`, `update_user`, `update_time`, `del_flag`) VALUES (1594285543804383235, 'surprise', '小锥锥', '00', '', '18388876032', '0', '/profile/avatar/2023/03/26/blob_20230326124749A004.jpeg', '$2a$10$LevRIggIOrc6rsPiXqjXK.HLqdYHsmWsxOuYHMM/6PyP57UIoZpGu', '0', '127.0.0.1', '2023-03-20 20:38:34', NULL, 1, '2022-11-20 20:04:29', 1594285543804383235, '2023-03-20 20:38:34', b'0');
INSERT INTO `sys_user` (`user_id`, `user_name`, `nick_name`, `user_type`, `email`, `phonenumber`, `sex`, `avatar`, `password`, `status`, `login_ip`, `login_date`, `remark`, `create_user`, `create_time`, `update_user`, `update_time`, `del_flag`) VALUES (1594285543804383236, 'DJ', '段头肉', '00', '', '', '0', '', '$2a$10$LevRIggIOrc6rsPiXqjXK.HLqdYHsmWsxOuYHMM/6PyP57UIoZpGu', '0', '127.0.0.1', '2023-03-20 21:38:34', NULL, 1, '2022-11-20 21:04:29', 1594285543804383236, '2023-03-20 21:38:34', b'0'),
(1594285543804383237, 'zxm15987753801', '赵雪木梅', '00', '', '15987753801', '1', 'https://www.hualigs.cn/image/6411b19fa47ea.jpg', '$2a$10$LevRIggIOrc6rsPiXqjXK.HLqdYHsmWsxOuYHMM/6PyP57UIoZpGu', '0', '127.0.0.1', '2023-03-20 21:38:34', NULL, 1, '2022-11-20 21:04:29', 1594285543804383236, '2023-03-20 21:38:34', b'0'),
(1594285543804383238, 'woxiangganliuzechang', '李一', '00', '', '15987252397', '0', 'https://www.hualigs.cn/image/6411b246da80e.jpg', '$2a$10$LevRIggIOrc6rsPiXqjXK.HLqdYHsmWsxOuYHMM/6PyP57UIoZpGu', '0', '127.0.0.1', '2023-03-20 21:38:34', NULL, 1, '2022-11-20 21:04:29', 1594285543804383236, '2023-03-20 21:38:34', b'0'),
(1594285543804383239, 'Q11060623Y', '斗哥', '00', '', '18187439516', '0', 'https://www.hualigs.cn/image/6411c2fde92c6.jpg', '$2a$10$LevRIggIOrc6rsPiXqjXK.HLqdYHsmWsxOuYHMM/6PyP57UIoZpGu', '0', '127.0.0.1', '2023-03-20 21:38:34', NULL, 1, '2022-11-20 21:04:29', 1594285543804383236, '2023-03-20 21:38:34', b'0'),
(1594285543804383210, 'huangshaotianQ', 'Regret畅', '00', '', '15510980243', '1', 'https://www.hualigs.cn/image/64376b46d31c4.jpg', '$2a$10$LevRIggIOrc6rsPiXqjXK.HLqdYHsmWsxOuYHMM/6PyP57UIoZpGu', '0', '127.0.0.1', '2023-03-20 21:38:34', NULL, 1, '2022-11-20 21:04:29', 1594285543804383236, '2023-03-20 21:38:34', b'0'),
(1594285543804383211, 'QQ2986105283', '彭三', '00', '', '15126609291', '0', 'https://www.hualigs.cn/image/6411c2f201c45.jpg', '$2a$10$LevRIggIOrc6rsPiXqjXK.HLqdYHsmWsxOuYHMM/6PyP57UIoZpGu', '0', '127.0.0.1', '2023-03-20 21:38:34', NULL, 1, '2022-11-20 21:04:29', 1594285543804383236, '2023-03-20 21:38:34', b'0'),
(1594285543804383212, 'ff518880', 'PP', '00', '', '15687046722', '0', 'https://www.hualigs.cn/image/64376c0355fe1.jpg', '$2a$10$LevRIggIOrc6rsPiXqjXK.HLqdYHsmWsxOuYHMM/6PyP57UIoZpGu', '0', '127.0.0.1', '2023-03-20 21:38:34', NULL, 1, '2022-11-20 21:04:29', 1594285543804383236, '2023-03-20 21:38:34', b'0'),
(1594285543804383213, 'QQ1419593170', '包谷', '00', '', '18088243647', '0', 'https://www.hualigs.cn/image/6411c2c26e132.jpg', '$2a$10$LevRIggIOrc6rsPiXqjXK.HLqdYHsmWsxOuYHMM/6PyP57UIoZpGu', '0', '127.0.0.1', '2023-03-20 21:38:34', NULL, 1, '2022-11-20 21:04:29', 1594285543804383236, '2023-03-20 21:38:34', b'0'),
(1594285543804383214, 'lxf26926', '小飞飞', '00', '', '18487955612', '0', 'https://www.hualigs.cn/image/6411c68e53811.jpg', '$2a$10$LevRIggIOrc6rsPiXqjXK.HLqdYHsmWsxOuYHMM/6PyP57UIoZpGu', '0', '127.0.0.1', '2023-03-20 21:38:34', NULL, 1, '2022-11-20 21:04:29', 1594285543804383236, '2023-03-20 21:38:34', b'0'),
(1594285543804383215, 'iTing88888', '小廷廷', '00', '', '13708438580', '0', 'https://www.hualigs.cn/image/6411c2e8be638.jpg', '$2a$10$LevRIggIOrc6rsPiXqjXK.HLqdYHsmWsxOuYHMM/6PyP57UIoZpGu', '0', '127.0.0.1', '2023-03-20 21:38:34', NULL, 1, '2022-11-20 21:04:29', 1594285543804383236, '2023-03-20 21:38:34', b'0'),
(1594285543804383216, 'yyth335511', '梁三', '00', '', '15368101963', '0', 'https://www.hualigs.cn/image/6411c2ce85a67.jpg', '$2a$10$LevRIggIOrc6rsPiXqjXK.HLqdYHsmWsxOuYHMM/6PyP57UIoZpGu', '0', '127.0.0.1', '2023-03-20 21:38:34', NULL, 1, '2022-11-20 21:04:29', 1594285543804383236, '2023-03-20 21:38:34', b'0'),
(1594285543804383217, 'CYN--1012', '菜籽', '00', '', '18896222835', '0', 'https://www.hualigs.cn/image/6411c2b72a775.jpg', '$2a$10$LevRIggIOrc6rsPiXqjXK.HLqdYHsmWsxOuYHMM/6PyP57UIoZpGu', '0', '127.0.0.1', '2023-03-20 21:38:34', NULL, 1, '2022-11-20 21:04:29', 1594285543804383236, '2023-03-20 21:38:34', b'0'),
(1594285543804383218, 'lkylkx2426', 'KY', '00', '', '15087865646', '1', 'https://i.328888.xyz/2023/04/14/ixHjHZ.jpeg', '$2a$10$LevRIggIOrc6rsPiXqjXK.HLqdYHsmWsxOuYHMM/6PyP57UIoZpGu', '0', '127.0.0.1', '2023-03-20 21:38:34', NULL, 1, '2022-11-20 21:04:29', 1594285543804383236, '2023-03-20 21:38:34', b'0'),
(1594285543804383219, 'ganheshaoqing', '将军', '00', '', '15987255470', '0', 'https://www.hualigs.cn/image/6421878fd82a0.jpg', '$2a$10$LevRIggIOrc6rsPiXqjXK.HLqdYHsmWsxOuYHMM/6PyP57UIoZpGu', '0', '127.0.0.1', '2023-03-20 21:38:34', NULL, 1, '2022-11-20 21:04:29', 1594285543804383236, '2023-03-20 21:38:34', b'0');
COMMIT;

-- ----------------------------
-- Table structure for sys_user_role
-- ----------------------------
DROP TABLE IF EXISTS `sys_user_role`;
CREATE TABLE `sys_user_role` (
  `user_id` bigint NOT NULL COMMENT '用户ID',
  `role_id` bigint NOT NULL COMMENT '角色ID',
  PRIMARY KEY (`user_id`,`role_id`)
) ENGINE=InnoDB DEFAULT CHARSET=utf8 COLLATE=utf8_general_ci COMMENT='用户和角色关联表';

-- ----------------------------
-- Records of sys_user_role
-- ----------------------------
BEGIN;
INSERT INTO `sys_user_role` (`user_id`, `role_id`) VALUES (1, 1);
INSERT INTO `sys_user_role` (`user_id`, `role_id`) VALUES (2, 2);
INSERT INTO `sys_user_role` (`user_id`, `role_id`) VALUES (1594285543804383234, 1594285449147330561),
(1594285543804383237, 1594285449147330561),
(1594285543804383238, 1594285449147330561),
(1594285543804383239, 1594285449147330561),
(1594285543804383210, 1594285449147330561),
(1594285543804383211, 1594285449147330561),
(1594285543804383212, 1594285449147330561),
(1594285543804383213, 1594285449147330561),
(1594285543804383214, 1594285449147330561),
(1594285543804383215, 1594285449147330561),
(1594285543804383216, 1594285449147330561),
(1594285543804383217, 1594285449147330561);

INSERT INTO `sys_user_role` (`user_id`, `role_id`) VALUES (1594285543804383235, 1628997165540274178),
(1594285543804383218, 1628997165540274178),
(1594285543804383219, 1628997165540274178);

INSERT INTO `sys_user_role` (`user_id`, `role_id`) VALUES (1594285543804383236, 1628997651572027394);
COMMIT;

SET FOREIGN_KEY_CHECKS = 1;
